Transit,Name
0,kplr007349773
0,kplr007349868
0,kplr007349958
0,kplr007350025
0,kplr007431521
0,kplr007431624
0,kplr007431665
0,kplr007431703
0,kplr007431712
0,kplr007431833
0,kplr007431834
0,kplr007431838
0,kplr007431866
0,kplr007431887
0,kplr007431965
0,kplr007431970
0,kplr007432029
0,kplr007432036
0,kplr007432082
0,kplr007432092
0,kplr007432184
0,kplr007432354
0,kplr007514250
0,kplr007514317
0,kplr007514330
0,kplr007514397
0,kplr007514412
0,kplr007514438
0,kplr007514511
0,kplr007514596
0,kplr007514810
0,kplr007514850
0,kplr007514871
0,kplr007515022
0,kplr007515107
0,kplr007515137
0,kplr007515151
1,kplr007515212
0,kplr007515233
0,kplr007515243
1,kplr007515336
0,kplr007515393
0,kplr007515431
0,kplr007515442
0,kplr007515468
0,kplr007515516
1,kplr007515679
0,kplr007515814
0,kplr007515828
0,kplr007516024
0,kplr007594770
0,kplr007594865
0,kplr007594917
0,kplr007594965
0,kplr007595050
0,kplr007595057
0,kplr007595133
0,kplr007595151
0,kplr007595155
0,kplr007595178
0,kplr007595211
0,kplr007595226
0,kplr007595285
0,kplr007595365
0,kplr007595387
0,kplr007595450
0,kplr007595572
0,kplr007595579
0,kplr007595638
0,kplr007595722
0,kplr007595891
0,kplr007595897
0,kplr007595932
0,kplr007595971
0,kplr007596125
0,kplr007596137
0,kplr007596177
0,kplr007596196
0,kplr007596219
0,kplr007596236
0,kplr007596238
0,kplr007596250
0,kplr007596265
0,kplr007596350
0,kplr007596357
0,kplr007596443
0,kplr007596537
0,kplr007596634
0,kplr007596639
0,kplr007596653
0,kplr007596701
0,kplr007596724
0,kplr007596741
0,kplr007596870
0,kplr007596873
0,kplr007596885
0,kplr007670225
0,kplr007670419
0,kplr007670435
0,kplr007670489
0,kplr007670499
0,kplr007670597
0,kplr007670610
0,kplr007670630
0,kplr007670643
0,kplr007670696
0,kplr007670706
0,kplr007670716
0,kplr007670735
0,kplr007670754
0,kplr007670794
0,kplr007670818
0,kplr007670834
0,kplr007670875
1,kplr007670943
0,kplr007671028
0,kplr007671029
0,kplr007671055
0,kplr007671118
0,kplr007671178
0,kplr007671229
0,kplr007671318
0,kplr007671407
0,kplr007671425
0,kplr007671546
0,kplr007671562
0,kplr007671654
0,kplr007671716
0,kplr007671833
0,kplr007671855
0,kplr007671948
0,kplr007671974
0,kplr007672013
0,kplr007672060
0,kplr007672064
0,kplr007672068
0,kplr007672076
1,kplr007672215
0,kplr007672292
0,kplr007672321
0,kplr007672405
0,kplr007672445
0,kplr007672453
0,kplr007672492
0,kplr007672526
0,kplr007672532
0,kplr007672837
1,kplr007672940
0,kplr007740913
0,kplr007741001
0,kplr007741003
0,kplr007741041
0,kplr007741048
0,kplr007741068
0,kplr007741084
0,kplr007741099
0,kplr007741179
0,kplr007741252
0,kplr007741311
0,kplr007741385
0,kplr007741444
0,kplr007741454
0,kplr007741463
0,kplr007741472
0,kplr007741474
0,kplr007741548
0,kplr007741615
0,kplr007741780
0,kplr007741837
0,kplr007741842
0,kplr007742049
0,kplr007742079
0,kplr007742099
0,kplr007742133
0,kplr007742265
1,kplr007742408
0,kplr007742465
0,kplr007742529
0,kplr007742531
0,kplr007742586
0,kplr007742671
0,kplr007742739
0,kplr007742748
0,kplr007742888
0,kplr007742949
0,kplr007742954
0,kplr007743035
0,kplr007743060
0,kplr007743084
0,kplr007743098
0,kplr007743124
0,kplr007743176
0,kplr007743275
0,kplr007743324
0,kplr007743326
0,kplr007743349
0,kplr007743389
0,kplr007743489
0,kplr007743539
0,kplr007743549
0,kplr007743620
0,kplr007743696
0,kplr007743714
0,kplr007743717
0,kplr007743728
0,kplr007743746
0,kplr007743788
0,kplr007744036
0,kplr007744173
0,kplr007744204
0,kplr007809638
0,kplr007809685
0,kplr007809809
0,kplr007809825
0,kplr007809908
0,kplr007810089
0,kplr007810099
0,kplr007810207
0,kplr007810221
0,kplr007810407
0,kplr007810468
0,kplr007810482
1,kplr007810483
0,kplr007810556
0,kplr007810613
0,kplr007810676
0,kplr007810708
0,kplr007810731
0,kplr007810785
0,kplr007810796
0,kplr007810876
0,kplr007811017
0,kplr007811057
0,kplr007811075
0,kplr007811112
0,kplr007811207
0,kplr007811253
0,kplr007811344
0,kplr007811497
0,kplr007811510
0,kplr007811522
0,kplr007811688
0,kplr007811740
0,kplr007811776
0,kplr007811847
0,kplr007812096
0,kplr007812136
0,kplr007812264
0,kplr007812397
0,kplr007812503
0,kplr007812552
0,kplr007812563
0,kplr007812594
0,kplr007812628
0,kplr007812771
0,kplr007812892
0,kplr007812937
0,kplr007812977
0,kplr007812990
0,kplr007813039
0,kplr007813054
0,kplr007813081
0,kplr007813295
0,kplr007813298
0,kplr007813349
0,kplr007813388
0,kplr007813414
0,kplr007813427
0,kplr007813537
0,kplr007813548
0,kplr007878756
0,kplr007878760
0,kplr007878789
0,kplr007878794
0,kplr007878833
0,kplr007878935
0,kplr007878963
0,kplr007879005
0,kplr007879032
0,kplr007879167
0,kplr007879174
0,kplr007879188
0,kplr007879256
0,kplr007879313
0,kplr007879315
0,kplr007879392
0,kplr007879399
0,kplr007879404
0,kplr007879416
0,kplr007879426
0,kplr007879456
0,kplr007879570
0,kplr007879614
0,kplr007879652
0,kplr007879764
0,kplr007879909
0,kplr007879943
0,kplr007879949
0,kplr007879963
0,kplr007879979
0,kplr007880006
0,kplr007880027
0,kplr007880048
0,kplr007880079
0,kplr007880096
0,kplr007880128
0,kplr007880137
0,kplr007880220
0,kplr007880230
0,kplr007880246
0,kplr007880265
0,kplr007880271
0,kplr007880417
0,kplr007880432
0,kplr007880490
0,kplr007880509
0,kplr007880511
0,kplr007880596
0,kplr007880628
0,kplr007880633
0,kplr007880634
0,kplr007880664
0,kplr007880676
0,kplr007880679
0,kplr007880690
0,kplr007880789
0,kplr007880893
0,kplr007880924
0,kplr007880925
0,kplr007880929
0,kplr007880978
0,kplr007880981
0,kplr007881225
0,kplr007881261
0,kplr007881275
0,kplr007881304
0,kplr007881395
0,kplr007881418
0,kplr007881464
0,kplr007881586
0,kplr007881649
0,kplr007881669
0,kplr007881673
0,kplr007881681
0,kplr007881715
0,kplr007881722
0,kplr007881835
0,kplr007881907
0,kplr007881949
0,kplr007881963
0,kplr007881977
0,kplr007882132
0,kplr007882211
0,kplr007882282
0,kplr007882351
0,kplr007882418
0,kplr007947390
0,kplr007947419
0,kplr007947440
0,kplr007947478
0,kplr007947574
0,kplr007947601
0,kplr007947648
0,kplr007947649
0,kplr007947891
0,kplr007947972
0,kplr007948031
0,kplr007948086
0,kplr007948108
0,kplr007948114
0,kplr007948136
0,kplr007948193
0,kplr007948240
0,kplr007948258
0,kplr007948260
0,kplr007948268
0,kplr007948462
0,kplr007948465
0,kplr007948495
0,kplr007948538
0,kplr007948562
0,kplr007948628
0,kplr007948629
0,kplr007948632
0,kplr007948683
0,kplr007948924
0,kplr007948967
0,kplr007948969
0,kplr007948976
0,kplr007949034
0,kplr007949127
0,kplr007949214
0,kplr007949248
0,kplr007949258
0,kplr007949259
0,kplr007949585
0,kplr007949599
0,kplr007949633
0,kplr007949653
0,kplr007949846
0,kplr007949860
0,kplr007949934
0,kplr007949958
0,kplr007949968
0,kplr007949983
0,kplr007949984
0,kplr007949994
0,kplr007950061
0,kplr007950097
0,kplr007950103
0,kplr007950158
0,kplr007950226
0,kplr007950229
0,kplr007950369
0,kplr007950401
0,kplr007950550
0,kplr007950616
0,kplr007950622
0,kplr007950648
0,kplr007950672
0,kplr007950674
0,kplr007950727
0,kplr007950775
0,kplr007950807
0,kplr007950821
0,kplr007950884
0,kplr007950962
0,kplr007950964
0,kplr007950979
0,kplr007950994
0,kplr007950997
0,kplr007951015
0,kplr007951163
0,kplr007951172
0,kplr008015897
0,kplr008015948
0,kplr008015956
0,kplr008015981
0,kplr008016113
0,kplr008016118
0,kplr008016119
0,kplr008016156
0,kplr008016162
0,kplr008016196
0,kplr008016222
0,kplr008016250
0,kplr008016288
0,kplr008016298
0,kplr008016304
0,kplr008016369
0,kplr008016375
0,kplr008016407
0,kplr008016413
0,kplr008016496
0,kplr008016506
0,kplr008016522
0,kplr008016586
0,kplr008016650
0,kplr008016679
1,kplr008016692
0,kplr008016698
0,kplr008016763
0,kplr008016816
0,kplr008016840
0,kplr008016858
0,kplr008016890
0,kplr008016943
0,kplr008016999
0,kplr008017049
0,kplr008017150
0,kplr008017159
0,kplr008017276
0,kplr008017288
0,kplr008017332
0,kplr008017347
0,kplr008017348
0,kplr008017362
0,kplr008017367
0,kplr008017379
0,kplr008017413
0,kplr008017459
0,kplr008017490
0,kplr008017724
0,kplr008017746
0,kplr008017775
0,kplr008017790
0,kplr008017828
0,kplr008017898
0,kplr008018115
0,kplr008018216
0,kplr008018464
0,kplr008018519
0,kplr008018575
0,kplr008018599
0,kplr008018614
0,kplr008018615
0,kplr008018650
0,kplr008018696
0,kplr008018709
0,kplr008018755
0,kplr008018769
0,kplr008018827
0,kplr008018860
0,kplr008018888
0,kplr008018900
0,kplr008018971
0,kplr008018973
0,kplr008019020
0,kplr008019043
0,kplr008019191
0,kplr008019192
0,kplr008019232
0,kplr008019250
0,kplr008019263
0,kplr008019322
0,kplr008019405
0,kplr008019418
0,kplr008019421
0,kplr008019508
0,kplr008019591
0,kplr008019753
0,kplr008084811
0,kplr008084863
0,kplr008084971
0,kplr008085011
0,kplr008085053
0,kplr008085114
0,kplr008085159
0,kplr008085217
0,kplr008085265
0,kplr008085269
0,kplr008085273
0,kplr008085308
0,kplr008085386
0,kplr008085539
0,kplr008085683
0,kplr008085725
0,kplr008085867
0,kplr008085964
0,kplr008085998
0,kplr008086076
0,kplr008086144
0,kplr008086153
0,kplr008086192
0,kplr008086233
0,kplr008086267
0,kplr008086321
0,kplr008086410
0,kplr008086432
0,kplr008086490
0,kplr008086510
0,kplr008086589
0,kplr008086642
0,kplr008086682
0,kplr008086729
0,kplr008086825
0,kplr008086850
0,kplr008086855
0,kplr008086876
0,kplr008086924
0,kplr008086934
0,kplr008086949
0,kplr008086964
0,kplr008087018
0,kplr008087025
0,kplr008087067
0,kplr008087101
0,kplr008087155
0,kplr008087237
0,kplr008087269
0,kplr008087334
0,kplr008087402
0,kplr008087612
0,kplr008087634
0,kplr008087673
0,kplr008087684
0,kplr008087723
0,kplr008087729
0,kplr008087741
1,kplr008087812
0,kplr008087813
0,kplr008087821
0,kplr008087827
0,kplr008087911
0,kplr008088050
0,kplr008088058
0,kplr008088090
0,kplr008088091
0,kplr008088143
0,kplr008088183
0,kplr008088198
0,kplr008088244
0,kplr008088292
0,kplr008088354
0,kplr008088401
0,kplr008088407
0,kplr008153309
0,kplr008153411
0,kplr008153578
0,kplr008153589
0,kplr008153600
0,kplr008153633
0,kplr008153662
0,kplr008153678
0,kplr008153697
0,kplr008153727
0,kplr008153747
0,kplr008153795
0,kplr008153806
0,kplr008153813
0,kplr008153907
0,kplr008153954
0,kplr008153991
0,kplr008154017
0,kplr008154021
0,kplr008154022
0,kplr008154223
0,kplr008154383
0,kplr008154385
0,kplr008154461
0,kplr008154541
0,kplr008154682
0,kplr008154693
0,kplr008154720
0,kplr008154788
0,kplr008154799
0,kplr008154817
0,kplr008154858
0,kplr008154874
0,kplr008154968
0,kplr008155006
0,kplr008155028
0,kplr008155160
0,kplr008155167
0,kplr008155234
0,kplr008155291
0,kplr008155300
0,kplr008155468
0,kplr008155521
0,kplr008155660
0,kplr008155713
0,kplr008155726
0,kplr008155736
0,kplr008155782
0,kplr008155822
0,kplr008156081
0,kplr008156116
1,kplr008156120
0,kplr008221768
0,kplr008221785
0,kplr008221938
0,kplr008222156
0,kplr008222161
0,kplr008222189
0,kplr008222202
0,kplr008222366
0,kplr008222395
1,kplr008222627
0,kplr008222685
0,kplr008222691
0,kplr008222710
0,kplr008222712
0,kplr008222748
0,kplr008222815
0,kplr008222819
0,kplr008222864
0,kplr008222873
0,kplr008222944
0,kplr008223014
0,kplr008223197
0,kplr008223267
0,kplr008223328
0,kplr008223369
0,kplr008223432
0,kplr008223463
0,kplr008223487
1,kplr008223568
0,kplr008223642
0,kplr008223872
0,kplr008223927
0,kplr008223931
0,kplr008288152
0,kplr008288164
0,kplr008288228
0,kplr008288248
0,kplr008288278
0,kplr008288288
0,kplr008288391
0,kplr008288404
0,kplr008288405
0,kplr008288542
0,kplr008288553
0,kplr008288698
0,kplr008288719
0,kplr008288789
0,kplr008288799
0,kplr008288859
0,kplr008288987
0,kplr008289164
0,kplr008289182
0,kplr008289241
0,kplr008289246
0,kplr008289334
0,kplr008289358
0,kplr008289388
0,kplr008289434
0,kplr008289469
0,kplr008289592
0,kplr008289770
0,kplr008289822
0,kplr008289838
0,kplr008354657
0,kplr008354896
0,kplr008354966
0,kplr008354979
0,kplr008355034
0,kplr008355049
0,kplr008355058
0,kplr008355130
0,kplr008355134
0,kplr008355190
0,kplr008355207
0,kplr008355289
0,kplr008355300
0,kplr008355308
0,kplr008355323
0,kplr008355453
0,kplr008355535
0,kplr008355584
0,kplr008355654
0,kplr008355737
0,kplr008355810
0,kplr008355837
0,kplr008355841
0,kplr008355845
0,kplr008355884
0,kplr008355885
0,kplr008420490
0,kplr008420538
0,kplr008420574
0,kplr008420644
0,kplr008420752
0,kplr008420770
0,kplr008420801
0,kplr008420829
0,kplr008420860
0,kplr008420916
0,kplr008420939
0,kplr008420954
0,kplr008421188
0,kplr008485445
