PassengerId,Age,Fare,Parch,Pclass,SibSp,Female,EmbarkedNum,DeckNum,CabinNum,NumNames,Title_Dr,Title_Lady,Title_Master,Title_Miss,Title_Mr,Title_Mrs,Title_Rev,Title_Sir,Survived
1,22.0,7.25,0,3,1,0,0,0,0,4,0.0,0.0,0.0,0.0,1.0,0.0,0.0,0.0,0.0
2,38.0,71.2833,0,1,1,1,1,1,85,7,0.0,0.0,0.0,0.0,0.0,1.0,0.0,0.0,1.0
3,26.0,7.925,0,3,0,1,0,0,0,3,0.0,0.0,0.0,1.0,0.0,0.0,0.0,0.0,1.0
4,35.0,53.1,0,1,1,1,0,1,123,7,0.0,0.0,0.0,0.0,0.0,1.0,0.0,0.0,1.0
5,35.0,8.05,0,3,0,0,0,0,0,4,0.0,0.0,0.0,0.0,1.0,0.0,0.0,0.0,0.0
6,29.8811376673,8.4583,0,3,0,0,2,0,0,3,0.0,0.0,0.0,0.0,1.0,0.0,0.0,0.0,0.0
7,54.0,51.8625,0,1,0,0,0,2,46,4,0.0,0.0,0.0,0.0,1.0,0.0,0.0,0.0,0.0
8,2.0,21.075,1,3,3,0,0,0,0,4,0.0,0.0,1.0,0.0,0.0,0.0,0.0,0.0,0.0
9,27.0,11.1333,2,3,0,1,0,0,0,7,0.0,0.0,0.0,0.0,0.0,1.0,0.0,0.0,1.0
10,14.0,30.0708,0,2,1,1,1,0,0,5,0.0,0.0,0.0,0.0,0.0,1.0,0.0,0.0,1.0
11,4.0,16.7,1,3,1,1,0,3,6,4,0.0,0.0,0.0,1.0,0.0,0.0,0.0,0.0,1.0
12,58.0,26.55,0,1,0,1,0,1,103,3,0.0,0.0,0.0,1.0,0.0,0.0,0.0,0.0,1.0
13,20.0,8.05,0,3,0,0,0,0,0,4,0.0,0.0,0.0,0.0,1.0,0.0,0.0,0.0,0.0
14,39.0,31.275,5,3,1,0,0,0,0,4,0.0,0.0,0.0,0.0,1.0,0.0,0.0,0.0,0.0
15,14.0,7.8542,0,3,0,1,0,0,0,5,0.0,0.0,0.0,1.0,0.0,0.0,0.0,0.0,0.0
16,55.0,16.0,0,2,0,1,0,0,0,6,0.0,0.0,0.0,0.0,0.0,1.0,0.0,0.0,1.0
17,2.0,29.125,1,3,4,0,2,0,0,3,0.0,0.0,1.0,0.0,0.0,0.0,0.0,0.0,0.0
18,29.8811376673,13.0,0,2,0,0,0,0,0,4,0.0,0.0,0.0,0.0,1.0,0.0,0.0,0.0,1.0
19,31.0,18.0,0,3,1,1,0,0,0,7,0.0,0.0,0.0,0.0,0.0,1.0,0.0,0.0,0.0
20,29.8811376673,7.225,0,3,0,1,1,0,0,3,0.0,0.0,0.0,0.0,0.0,1.0,0.0,0.0,1.0
21,35.0,26.0,0,2,0,0,0,0,0,4,0.0,0.0,0.0,0.0,1.0,0.0,0.0,0.0,0.0
22,34.0,13.0,0,2,0,0,0,4,56,3,0.0,0.0,0.0,0.0,1.0,0.0,0.0,0.0,1.0
23,15.0,8.0292,0,3,0,1,2,0,0,4,0.0,0.0,0.0,1.0,0.0,0.0,0.0,0.0,1.0
24,28.0,35.5,0,1,0,0,0,5,6,4,0.0,0.0,0.0,0.0,1.0,0.0,0.0,0.0,1.0
25,8.0,21.075,1,3,3,1,0,0,0,4,0.0,0.0,0.0,1.0,0.0,0.0,0.0,0.0,0.0
26,38.0,31.3875,5,3,1,1,0,0,0,8,0.0,0.0,0.0,0.0,0.0,1.0,0.0,0.0,1.0
27,29.8811376673,7.225,0,3,0,0,1,0,0,4,0.0,0.0,0.0,0.0,1.0,0.0,0.0,0.0,0.0
28,19.0,263.0,2,1,3,0,0,1,23,4,0.0,0.0,0.0,0.0,1.0,0.0,0.0,0.0,0.0
29,29.8811376673,7.8792,0,3,0,1,2,0,0,4,0.0,0.0,0.0,1.0,0.0,0.0,0.0,0.0,1.0
30,29.8811376673,7.8958,0,3,0,0,0,0,0,3,0.0,0.0,0.0,0.0,1.0,0.0,0.0,0.0,0.0
31,40.0,27.7208,0,1,0,0,1,0,0,4,0.0,0.0,0.0,0.0,0.0,0.0,0.0,1.0,0.0
32,29.8811376673,146.5208,0,1,1,1,1,6,78,6,0.0,0.0,0.0,0.0,0.0,1.0,0.0,0.0,1.0
33,29.8811376673,7.75,0,3,0,1,2,0,0,4,0.0,0.0,0.0,1.0,0.0,0.0,0.0,0.0,1.0
34,66.0,10.5,0,2,0,0,0,0,0,4,0.0,0.0,0.0,0.0,1.0,0.0,0.0,0.0,0.0
35,28.0,82.1708,0,1,1,0,1,0,0,4,0.0,0.0,0.0,0.0,1.0,0.0,0.0,0.0,0.0
36,42.0,52.0,0,1,1,0,0,0,0,4,0.0,0.0,0.0,0.0,1.0,0.0,0.0,0.0,0.0
37,29.8811376673,7.2292,0,3,0,0,1,0,0,3,0.0,0.0,0.0,0.0,1.0,0.0,0.0,0.0,1.0
38,21.0,8.05,0,3,0,0,0,0,0,4,0.0,0.0,0.0,0.0,1.0,0.0,0.0,0.0,0.0
39,18.0,18.0,0,3,2,1,0,0,0,5,0.0,0.0,0.0,1.0,0.0,0.0,0.0,0.0,0.0
40,14.0,11.2417,0,3,1,1,1,0,0,3,0.0,0.0,0.0,1.0,0.0,0.0,0.0,0.0,1.0
41,40.0,9.475,0,3,1,1,0,0,0,6,0.0,0.0,0.0,0.0,0.0,1.0,0.0,0.0,0.0
42,27.0,21.0,0,2,1,1,0,0,0,8,0.0,0.0,0.0,0.0,0.0,1.0,0.0,0.0,0.0
43,29.8811376673,7.8958,0,3,0,0,1,0,0,3,0.0,0.0,0.0,0.0,1.0,0.0,0.0,0.0,0.0
44,3.0,41.5792,2,2,1,1,1,0,0,6,0.0,0.0,0.0,1.0,0.0,0.0,0.0,0.0,1.0
45,19.0,7.8792,0,3,0,1,2,0,0,4,0.0,0.0,0.0,1.0,0.0,0.0,0.0,0.0,1.0
46,29.8811376673,8.05,0,3,0,0,0,0,0,4,0.0,0.0,0.0,0.0,1.0,0.0,0.0,0.0,0.0
47,29.8811376673,15.5,0,3,1,0,2,0,0,3,0.0,0.0,0.0,0.0,1.0,0.0,0.0,0.0,0.0
48,29.8811376673,7.75,0,3,0,1,2,0,0,3,0.0,0.0,0.0,1.0,0.0,0.0,0.0,0.0,1.0
49,29.8811376673,21.6792,0,3,2,0,1,0,0,3,0.0,0.0,0.0,0.0,1.0,0.0,0.0,0.0,0.0
50,18.0,17.8,0,3,1,1,0,0,0,5,0.0,0.0,0.0,0.0,0.0,1.0,0.0,0.0,0.0
51,7.0,39.6875,1,3,4,0,0,0,0,4,0.0,0.0,1.0,0.0,0.0,0.0,0.0,0.0,0.0
52,21.0,7.8,0,3,0,0,0,0,0,4,0.0,0.0,0.0,0.0,1.0,0.0,0.0,0.0,0.0
53,49.0,76.7292,0,1,1,1,1,4,33,6,0.0,0.0,0.0,0.0,0.0,1.0,0.0,0.0,1.0
54,29.0,26.0,0,2,1,1,0,0,0,6,0.0,0.0,0.0,0.0,0.0,1.0,0.0,0.0,1.0
55,65.0,61.9792,1,1,0,0,1,6,30,4,0.0,0.0,0.0,0.0,1.0,0.0,0.0,0.0,0.0
56,29.8811376673,35.5,0,1,0,0,0,1,52,3,0.0,0.0,0.0,0.0,1.0,0.0,0.0,0.0,1.0
57,21.0,10.5,0,2,0,1,0,0,0,3,0.0,0.0,0.0,1.0,0.0,0.0,0.0,0.0,1.0
58,28.5,7.2292,0,3,0,0,1,0,0,3,0.0,0.0,0.0,0.0,1.0,0.0,0.0,0.0,0.0
59,5.0,27.75,2,2,1,1,0,0,0,4,0.0,0.0,0.0,1.0,0.0,0.0,0.0,0.0,1.0
60,11.0,46.9,2,3,5,0,0,0,0,4,0.0,0.0,1.0,0.0,0.0,0.0,0.0,0.0,0.0
61,22.0,7.2292,0,3,0,0,1,0,0,3,0.0,0.0,0.0,0.0,1.0,0.0,0.0,0.0,0.0
62,38.0,80.0,0,1,0,1,0,6,28,3,0.0,0.0,0.0,1.0,0.0,0.0,0.0,0.0,1.0
63,45.0,83.475,0,1,1,0,0,1,83,4,0.0,0.0,0.0,0.0,1.0,0.0,0.0,0.0,0.0
64,4.0,27.9,2,3,3,0,0,0,0,3,0.0,0.0,1.0,0.0,0.0,0.0,0.0,0.0,0.0
65,29.8811376673,27.7208,0,1,0,0,1,0,0,4,0.0,0.0,0.0,0.0,1.0,0.0,0.0,0.0,0.0
66,29.8811376673,15.2458,1,3,1,0,1,0,0,3,0.0,0.0,1.0,0.0,0.0,0.0,0.0,0.0,1.0
67,29.0,10.5,0,2,0,1,0,7,33,4,0.0,0.0,0.0,0.0,0.0,1.0,0.0,0.0,1.0
68,19.0,8.1583,0,3,0,0,0,0,0,4,0.0,0.0,0.0,0.0,1.0,0.0,0.0,0.0,0.0
69,17.0,7.925,2,3,4,1,0,0,0,4,0.0,0.0,0.0,1.0,0.0,0.0,0.0,0.0,1.0
70,26.0,8.6625,0,3,2,0,0,0,0,3,0.0,0.0,0.0,0.0,1.0,0.0,0.0,0.0,0.0
71,32.0,10.5,0,2,0,0,0,0,0,4,0.0,0.0,0.0,0.0,1.0,0.0,0.0,0.0,0.0
72,16.0,46.9,2,3,5,1,0,0,0,4,0.0,0.0,0.0,1.0,0.0,0.0,0.0,0.0,0.0
73,21.0,73.5,0,2,0,0,0,0,0,4,0.0,0.0,0.0,0.0,1.0,0.0,0.0,0.0,0.0
74,26.0,14.4542,0,3,1,0,1,0,0,3,0.0,0.0,0.0,0.0,1.0,0.0,0.0,0.0,0.0
75,32.0,56.4958,0,3,0,0,0,0,0,3,0.0,0.0,0.0,0.0,1.0,0.0,0.0,0.0,1.0
76,25.0,7.65,0,3,0,0,0,7,73,4,0.0,0.0,0.0,0.0,1.0,0.0,0.0,0.0,0.0
77,29.8811376673,7.8958,0,3,0,0,0,0,0,3,0.0,0.0,0.0,0.0,1.0,0.0,0.0,0.0,0.0
78,29.8811376673,8.05,0,3,0,0,0,0,0,4,0.0,0.0,0.0,0.0,1.0,0.0,0.0,0.0,0.0
79,0.83,29.0,2,2,0,0,0,0,0,4,0.0,0.0,1.0,0.0,0.0,0.0,0.0,0.0,1.0
80,30.0,12.475,0,3,0,1,0,0,0,3,0.0,0.0,0.0,1.0,0.0,0.0,0.0,0.0,1.0
81,22.0,9.0,0,3,0,0,0,0,0,3,0.0,0.0,0.0,0.0,1.0,0.0,0.0,0.0,0.0
82,29.0,9.5,0,3,0,0,0,0,0,4,0.0,0.0,0.0,0.0,1.0,0.0,0.0,0.0,1.0
83,29.8811376673,7.7875,0,3,0,1,2,0,0,4,0.0,0.0,0.0,1.0,0.0,0.0,0.0,0.0,1.0
84,28.0,47.1,0,1,0,0,0,0,0,4,0.0,0.0,0.0,0.0,1.0,0.0,0.0,0.0,0.0
85,17.0,10.5,0,2,0,1,0,0,0,3,0.0,0.0,0.0,1.0,0.0,0.0,0.0,0.0,1.0
86,33.0,15.85,0,3,3,1,0,0,0,7,0.0,0.0,0.0,0.0,0.0,1.0,0.0,0.0,1.0
87,16.0,34.375,3,3,1,0,0,0,0,4,0.0,0.0,0.0,0.0,1.0,0.0,0.0,0.0,0.0
88,29.8811376673,8.05,0,3,0,0,0,0,0,4,0.0,0.0,0.0,0.0,1.0,0.0,0.0,0.0,0.0
89,23.0,263.0,2,1,3,1,0,1,23,4,0.0,0.0,0.0,1.0,0.0,0.0,0.0,0.0,1.0
90,24.0,8.05,0,3,0,0,0,0,0,3,0.0,0.0,0.0,0.0,1.0,0.0,0.0,0.0,0.0
91,29.0,8.05,0,3,0,0,0,0,0,3,0.0,0.0,0.0,0.0,1.0,0.0,0.0,0.0,0.0
92,20.0,7.8542,0,3,0,0,0,0,0,4,0.0,0.0,0.0,0.0,1.0,0.0,0.0,0.0,0.0
93,46.0,61.175,0,1,1,0,0,2,31,4,0.0,0.0,0.0,0.0,1.0,0.0,0.0,0.0,0.0
94,26.0,20.575,2,3,1,0,0,0,0,4,0.0,0.0,0.0,0.0,1.0,0.0,0.0,0.0,0.0
95,59.0,7.25,0,3,0,0,0,0,0,3,0.0,0.0,0.0,0.0,1.0,0.0,0.0,0.0,0.0
96,29.8811376673,8.05,0,3,0,0,0,0,0,4,0.0,0.0,0.0,0.0,1.0,0.0,0.0,0.0,0.0
97,71.0,34.6542,0,1,0,0,1,5,5,4,0.0,0.0,0.0,0.0,1.0,0.0,0.0,0.0,0.0
98,23.0,63.3583,1,1,0,0,1,4,10,4,0.0,0.0,0.0,0.0,1.0,0.0,0.0,0.0,1.0
99,34.0,23.0,1,2,0,1,0,0,0,7,0.0,0.0,0.0,0.0,0.0,1.0,0.0,0.0,1.0
100,34.0,26.0,0,2,1,0,0,0,0,3,0.0,0.0,0.0,0.0,1.0,0.0,0.0,0.0,0.0
101,28.0,7.8958,0,3,0,1,0,0,0,3,0.0,0.0,0.0,1.0,0.0,0.0,0.0,0.0,0.0
102,29.8811376673,7.8958,0,3,0,0,0,0,0,4,0.0,0.0,0.0,0.0,1.0,0.0,0.0,0.0,0.0
103,21.0,77.2875,1,1,0,0,0,4,26,4,0.0,0.0,0.0,0.0,1.0,0.0,0.0,0.0,0.0
104,33.0,8.6542,0,3,0,0,0,0,0,4,0.0,0.0,0.0,0.0,1.0,0.0,0.0,0.0,0.0
105,37.0,7.925,0,3,2,0,0,0,0,4,0.0,0.0,0.0,0.0,1.0,0.0,0.0,0.0,0.0
106,28.0,7.8958,0,3,0,0,0,0,0,3,0.0,0.0,0.0,0.0,1.0,0.0,0.0,0.0,0.0
107,21.0,7.65,0,3,0,1,0,0,0,4,0.0,0.0,0.0,1.0,0.0,0.0,0.0,0.0,1.0
108,29.8811376673,7.775,0,3,0,0,0,0,0,4,0.0,0.0,0.0,0.0,1.0,0.0,0.0,0.0,1.0
109,38.0,7.8958,0,3,0,0,0,0,0,3,0.0,0.0,0.0,0.0,1.0,0.0,0.0,0.0,0.0
110,29.8811376673,24.15,0,3,1,1,2,0,0,3,0.0,0.0,0.0,1.0,0.0,0.0,0.0,0.0,1.0
111,47.0,52.0,0,1,0,0,0,1,110,4,0.0,0.0,0.0,0.0,1.0,0.0,0.0,0.0,0.0
112,14.5,14.4542,0,3,1,1,1,0,0,3,0.0,0.0,0.0,1.0,0.0,0.0,0.0,0.0,0.0
113,22.0,8.05,0,3,0,0,0,0,0,4,0.0,0.0,0.0,0.0,1.0,0.0,0.0,0.0,0.0
114,20.0,9.825,0,3,1,1,0,0,0,3,0.0,0.0,0.0,1.0,0.0,0.0,0.0,0.0,0.0
115,17.0,14.4583,0,3,0,1,1,0,0,3,0.0,0.0,0.0,1.0,0.0,0.0,0.0,0.0,0.0
116,21.0,7.925,0,3,0,0,0,0,0,3,0.0,0.0,0.0,0.0,1.0,0.0,0.0,0.0,0.0
117,70.5,7.75,0,3,0,0,2,0,0,3,0.0,0.0,0.0,0.0,1.0,0.0,0.0,0.0,0.0
118,29.0,21.0,0,2,1,0,0,0,0,5,0.0,0.0,0.0,0.0,1.0,0.0,0.0,0.0,0.0
119,24.0,247.5208,1,1,0,0,1,6,58,4,0.0,0.0,0.0,0.0,1.0,0.0,0.0,0.0,0.0
120,2.0,31.275,2,3,4,1,0,0,0,5,0.0,0.0,0.0,1.0,0.0,0.0,0.0,0.0,0.0
121,21.0,73.5,0,2,2,0,0,0,0,4,0.0,0.0,0.0,0.0,1.0,0.0,0.0,0.0,0.0
122,29.8811376673,8.05,0,3,0,0,0,0,0,4,0.0,0.0,0.0,0.0,1.0,0.0,0.0,0.0,0.0
123,32.5,30.0708,0,2,1,0,1,0,0,3,0.0,0.0,0.0,0.0,1.0,0.0,0.0,0.0,0.0
124,32.5,13.0,0,2,0,1,0,2,101,3,0.0,0.0,0.0,1.0,0.0,0.0,0.0,0.0,1.0
125,54.0,77.2875,1,1,0,0,0,4,26,4,0.0,0.0,0.0,0.0,1.0,0.0,0.0,0.0,0.0
126,12.0,11.2417,0,3,1,0,1,0,0,3,0.0,0.0,1.0,0.0,0.0,0.0,0.0,0.0,1.0
127,29.8811376673,7.75,0,3,0,0,2,0,0,3,0.0,0.0,0.0,0.0,1.0,0.0,0.0,0.0,0.0
128,24.0,7.1417,0,3,0,0,0,0,0,4,0.0,0.0,0.0,0.0,1.0,0.0,0.0,0.0,1.0
129,29.8811376673,22.3583,1,3,1,1,1,7,69,3,0.0,0.0,0.0,1.0,0.0,0.0,0.0,0.0,1.0
130,45.0,6.975,0,3,0,0,0,0,0,3,0.0,0.0,0.0,0.0,1.0,0.0,0.0,0.0,0.0
131,33.0,7.8958,0,3,0,0,1,0,0,3,0.0,0.0,0.0,0.0,1.0,0.0,0.0,0.0,0.0
132,20.0,7.05,0,3,0,0,0,0,0,4,0.0,0.0,0.0,0.0,1.0,0.0,0.0,0.0,0.0
133,47.0,14.5,0,3,1,1,0,0,0,7,0.0,0.0,0.0,0.0,0.0,1.0,0.0,0.0,0.0
134,29.0,26.0,0,2,1,1,0,0,0,6,0.0,0.0,0.0,0.0,0.0,1.0,0.0,0.0,1.0
135,25.0,13.0,0,2,0,0,0,0,0,5,0.0,0.0,0.0,0.0,1.0,0.0,0.0,0.0,0.0
136,23.0,15.0458,0,2,0,0,1,0,0,3,0.0,0.0,0.0,0.0,1.0,0.0,0.0,0.0,0.0
137,19.0,26.2833,2,1,0,1,0,4,47,4,0.0,0.0,0.0,1.0,0.0,0.0,0.0,0.0,1.0
138,37.0,53.1,0,1,1,0,0,1,123,4,0.0,0.0,0.0,0.0,1.0,0.0,0.0,0.0,0.0
139,16.0,9.2167,0,3,0,0,0,0,0,4,0.0,0.0,0.0,0.0,1.0,0.0,0.0,0.0,0.0
140,24.0,79.2,0,1,0,0,1,6,86,3,0.0,0.0,0.0,0.0,1.0,0.0,0.0,0.0,0.0
141,29.8811376673,15.2458,2,3,0,1,1,0,0,4,0.0,0.0,0.0,0.0,0.0,1.0,0.0,0.0,0.0
142,22.0,7.75,0,3,0,1,0,0,0,4,0.0,0.0,0.0,1.0,0.0,0.0,0.0,0.0,1.0
143,24.0,15.85,0,3,1,1,0,0,0,7,0.0,0.0,0.0,0.0,0.0,1.0,0.0,0.0,1.0
144,19.0,6.75,0,3,0,0,2,0,0,3,0.0,0.0,0.0,0.0,1.0,0.0,0.0,0.0,0.0
145,18.0,11.5,0,2,0,0,0,0,0,4,0.0,0.0,0.0,0.0,1.0,0.0,0.0,0.0,0.0
146,19.0,36.75,1,2,1,0,0,0,0,4,0.0,0.0,0.0,0.0,1.0,0.0,0.0,0.0,0.0
147,27.0,7.7958,0,3,0,0,0,0,0,5,0.0,0.0,0.0,0.0,1.0,0.0,0.0,0.0,1.0
148,9.0,34.375,2,3,2,1,0,0,0,5,0.0,0.0,0.0,1.0,0.0,0.0,0.0,0.0,0.0
149,36.5,26.0,2,2,0,0,0,7,2,6,0.0,0.0,0.0,0.0,1.0,0.0,0.0,0.0,0.0
150,42.0,13.0,0,2,0,0,0,0,0,5,0.0,0.0,0.0,0.0,0.0,0.0,1.0,0.0,0.0
151,51.0,12.525,0,2,0,0,0,0,0,4,0.0,0.0,0.0,0.0,0.0,0.0,1.0,0.0,0.0
152,22.0,66.6,0,1,1,1,0,1,2,5,0.0,0.0,0.0,0.0,0.0,1.0,0.0,0.0,1.0
153,55.5,8.05,0,3,0,0,0,0,0,3,0.0,0.0,0.0,0.0,1.0,0.0,0.0,0.0,0.0
154,40.5,14.5,2,3,0,0,0,0,0,5,0.0,0.0,0.0,0.0,1.0,0.0,0.0,0.0,0.0
155,29.8811376673,7.3125,0,3,0,0,0,0,0,4,0.0,0.0,0.0,0.0,1.0,0.0,0.0,0.0,0.0
156,51.0,61.3792,1,1,0,0,1,0,0,4,0.0,0.0,0.0,0.0,1.0,0.0,0.0,0.0,0.0
157,16.0,7.7333,0,3,0,1,2,0,0,4,0.0,0.0,0.0,1.0,0.0,0.0,0.0,0.0,1.0
158,30.0,8.05,0,3,0,0,0,0,0,3,0.0,0.0,0.0,0.0,1.0,0.0,0.0,0.0,0.0
159,29.8811376673,8.6625,0,3,0,0,0,0,0,3,0.0,0.0,0.0,0.0,1.0,0.0,0.0,0.0,0.0
160,29.8811376673,69.55,2,3,8,0,0,0,0,4,0.0,0.0,1.0,0.0,0.0,0.0,0.0,0.0,0.0
161,44.0,16.1,1,3,0,0,0,0,0,4,0.0,0.0,0.0,0.0,1.0,0.0,0.0,0.0,0.0
162,40.0,15.75,0,2,0,1,0,0,0,7,0.0,0.0,0.0,0.0,0.0,1.0,0.0,0.0,1.0
163,26.0,7.775,0,3,0,0,0,0,0,4,0.0,0.0,0.0,0.0,1.0,0.0,0.0,0.0,0.0
164,17.0,8.6625,0,3,0,0,0,0,0,3,0.0,0.0,0.0,0.0,1.0,0.0,0.0,0.0,0.0
165,1.0,39.6875,1,3,4,0,0,0,0,4,0.0,0.0,1.0,0.0,0.0,0.0,0.0,0.0,0.0
166,9.0,20.525,2,3,0,0,0,0,0,6,0.0,0.0,1.0,0.0,0.0,0.0,0.0,0.0,1.0
167,29.8811376673,55.0,1,1,0,1,0,2,33,5,0.0,0.0,0.0,0.0,0.0,1.0,0.0,0.0,1.0
168,45.0,27.9,4,3,1,1,0,0,0,6,0.0,0.0,0.0,0.0,0.0,1.0,0.0,0.0,0.0
169,29.8811376673,25.925,0,1,0,0,0,0,0,4,0.0,0.0,0.0,0.0,1.0,0.0,0.0,0.0,0.0
170,28.0,56.4958,0,3,0,0,0,0,0,3,0.0,0.0,0.0,0.0,1.0,0.0,0.0,0.0,0.0
171,61.0,33.5,0,1,0,0,0,6,19,5,0.0,0.0,0.0,0.0,1.0,0.0,0.0,0.0,0.0
172,4.0,29.125,1,3,4,0,2,0,0,3,0.0,0.0,1.0,0.0,0.0,0.0,0.0,0.0,0.0
173,1.0,11.1333,1,3,1,1,0,0,0,4,0.0,0.0,0.0,1.0,0.0,0.0,0.0,0.0,1.0
174,21.0,7.925,0,3,0,0,0,0,0,4,0.0,0.0,0.0,0.0,1.0,0.0,0.0,0.0,0.0
175,56.0,30.6958,0,1,0,0,1,5,7,4,0.0,0.0,0.0,0.0,1.0,0.0,0.0,0.0,0.0
176,18.0,7.8542,1,3,1,0,0,0,0,4,0.0,0.0,0.0,0.0,1.0,0.0,0.0,0.0,0.0
177,29.8811376673,25.4667,1,3,3,0,0,0,0,4,0.0,0.0,1.0,0.0,0.0,0.0,0.0,0.0,0.0
178,50.0,28.7125,0,1,0,1,1,1,49,4,0.0,0.0,0.0,1.0,0.0,0.0,0.0,0.0,0.0
179,30.0,13.0,0,2,0,0,0,0,0,3,0.0,0.0,0.0,0.0,1.0,0.0,0.0,0.0,0.0
180,36.0,0.0,0,3,0,0,0,0,0,3,0.0,0.0,0.0,0.0,1.0,0.0,0.0,0.0,0.0
181,29.8811376673,69.55,2,3,8,1,0,0,0,4,0.0,0.0,0.0,1.0,0.0,0.0,0.0,0.0,0.0
182,29.8811376673,15.05,0,2,0,0,1,0,0,3,0.0,0.0,0.0,0.0,1.0,0.0,0.0,0.0,0.0
183,9.0,31.3875,2,3,4,0,0,0,0,5,0.0,0.0,1.0,0.0,0.0,0.0,0.0,0.0,0.0
184,1.0,39.0,1,2,2,0,0,7,4,4,0.0,0.0,1.0,0.0,0.0,0.0,0.0,0.0,1.0
185,4.0,22.025,2,3,0,1,0,0,0,4,0.0,0.0,0.0,1.0,0.0,0.0,0.0,0.0,1.0
186,29.8811376673,50.0,0,1,0,0,0,5,32,4,0.0,0.0,0.0,0.0,1.0,0.0,0.0,0.0,0.0
187,29.8811376673,15.5,0,3,1,1,2,0,0,6,0.0,0.0,0.0,0.0,0.0,1.0,0.0,0.0,1.0
188,45.0,26.55,0,1,0,0,0,0,0,7,0.0,0.0,0.0,0.0,1.0,0.0,0.0,0.0,1.0
189,40.0,15.5,1,3,1,0,2,0,0,3,0.0,0.0,0.0,0.0,1.0,0.0,0.0,0.0,0.0
190,36.0,7.8958,0,3,0,0,0,0,0,3,0.0,0.0,0.0,0.0,1.0,0.0,0.0,0.0,0.0
191,32.0,13.0,0,2,0,1,0,0,0,3,0.0,0.0,0.0,0.0,0.0,1.0,0.0,0.0,1.0
192,19.0,13.0,0,2,0,0,0,0,0,3,0.0,0.0,0.0,0.0,1.0,0.0,0.0,0.0,0.0
193,19.0,7.8542,0,3,1,1,0,0,0,5,0.0,0.0,0.0,1.0,0.0,0.0,0.0,0.0,1.0
194,3.0,26.0,1,2,1,0,0,7,2,4,0.0,0.0,1.0,0.0,0.0,0.0,0.0,0.0,1.0
195,44.0,27.7208,0,1,0,1,1,6,4,6,0.0,0.0,0.0,0.0,0.0,1.0,0.0,0.0,1.0
196,58.0,146.5208,0,1,0,1,1,6,80,3,0.0,0.0,0.0,1.0,0.0,0.0,0.0,0.0,1.0
197,29.8811376673,7.75,0,3,0,0,2,0,0,3,0.0,0.0,0.0,0.0,1.0,0.0,0.0,0.0,0.0
198,42.0,8.4042,1,3,0,0,0,0,0,5,0.0,0.0,0.0,0.0,1.0,0.0,0.0,0.0,0.0
199,29.8811376673,7.75,0,3,0,1,2,0,0,4,0.0,0.0,0.0,1.0,0.0,0.0,0.0,0.0,1.0
200,24.0,13.0,0,2,0,1,0,0,0,5,0.0,0.0,0.0,1.0,0.0,0.0,0.0,0.0,0.0
201,28.0,9.5,0,3,0,0,0,0,0,5,0.0,0.0,0.0,0.0,1.0,0.0,0.0,0.0,0.0
202,29.8811376673,69.55,2,3,8,0,0,0,0,3,0.0,0.0,0.0,0.0,1.0,0.0,0.0,0.0,0.0
203,34.0,6.4958,0,3,0,0,0,0,0,4,0.0,0.0,0.0,0.0,1.0,0.0,0.0,0.0,0.0
204,45.5,7.225,0,3,0,0,1,0,0,3,0.0,0.0,0.0,0.0,1.0,0.0,0.0,0.0,0.0
205,18.0,8.05,0,3,0,0,0,0,0,4,0.0,0.0,0.0,0.0,1.0,0.0,0.0,0.0,1.0
206,2.0,10.4625,1,3,0,1,0,3,6,4,0.0,0.0,0.0,1.0,0.0,0.0,0.0,0.0,0.0
207,32.0,15.85,0,3,1,0,0,0,0,4,0.0,0.0,0.0,0.0,1.0,0.0,0.0,0.0,0.0
208,26.0,18.7875,0,3,0,0,1,0,0,4,0.0,0.0,0.0,0.0,1.0,0.0,0.0,0.0,1.0
209,16.0,7.75,0,3,0,1,2,0,0,4,0.0,0.0,0.0,1.0,0.0,0.0,0.0,0.0,1.0
210,40.0,31.0,0,1,0,0,1,5,31,3,0.0,0.0,0.0,0.0,1.0,0.0,0.0,0.0,1.0
211,24.0,7.05,0,3,0,0,0,0,0,3,0.0,0.0,0.0,0.0,1.0,0.0,0.0,0.0,0.0
212,35.0,21.0,0,2,0,1,0,0,0,4,0.0,0.0,0.0,1.0,0.0,0.0,0.0,0.0,1.0
213,22.0,7.25,0,3,0,0,0,0,0,4,0.0,0.0,0.0,0.0,1.0,0.0,0.0,0.0,0.0
214,30.0,13.0,0,2,0,0,0,0,0,4,0.0,0.0,0.0,0.0,1.0,0.0,0.0,0.0,0.0
215,29.8811376673,7.75,0,3,1,0,2,0,0,3,0.0,0.0,0.0,0.0,1.0,0.0,0.0,0.0,0.0
216,31.0,113.275,0,1,1,1,1,4,36,3,0.0,0.0,0.0,1.0,0.0,0.0,0.0,0.0,1.0
217,27.0,7.925,0,3,0,1,0,0,0,3,0.0,0.0,0.0,1.0,0.0,0.0,0.0,0.0,1.0
218,42.0,27.0,0,2,1,0,0,0,0,4,0.0,0.0,0.0,0.0,1.0,0.0,0.0,0.0,0.0
219,32.0,76.2917,0,1,0,1,1,4,15,3,0.0,0.0,0.0,1.0,0.0,0.0,0.0,0.0,1.0
220,30.0,10.5,0,2,0,0,0,0,0,3,0.0,0.0,0.0,0.0,1.0,0.0,0.0,0.0,0.0
221,16.0,8.05,0,3,0,0,0,0,0,4,0.0,0.0,0.0,0.0,1.0,0.0,0.0,0.0,1.0
222,27.0,13.0,0,2,0,0,0,0,0,4,0.0,0.0,0.0,0.0,1.0,0.0,0.0,0.0,0.0
223,51.0,8.05,0,3,0,0,0,0,0,4,0.0,0.0,0.0,0.0,1.0,0.0,0.0,0.0,0.0
224,29.8811376673,7.8958,0,3,0,0,0,0,0,3,0.0,0.0,0.0,0.0,1.0,0.0,0.0,0.0,0.0
225,38.0,90.0,0,1,1,0,0,1,93,4,0.0,0.0,0.0,0.0,1.0,0.0,0.0,0.0,1.0
226,22.0,9.35,0,3,0,0,0,0,0,5,0.0,0.0,0.0,0.0,1.0,0.0,0.0,0.0,0.0
227,19.0,10.5,0,2,0,0,0,0,0,4,0.0,0.0,0.0,0.0,1.0,0.0,0.0,0.0,1.0
228,20.5,7.25,0,3,0,0,0,0,0,5,0.0,0.0,0.0,0.0,1.0,0.0,0.0,0.0,0.0
229,18.0,13.0,0,2,0,0,0,0,0,4,0.0,0.0,0.0,0.0,1.0,0.0,0.0,0.0,0.0
230,29.8811376673,25.4667,1,3,3,1,0,0,0,3,0.0,0.0,0.0,1.0,0.0,0.0,0.0,0.0,0.0
231,35.0,83.475,0,1,1,1,0,1,83,6,0.0,0.0,0.0,0.0,0.0,1.0,0.0,0.0,1.0
232,29.0,7.775,0,3,0,0,0,0,0,4,0.0,0.0,0.0,0.0,1.0,0.0,0.0,0.0,0.0
233,59.0,13.5,0,2,0,0,0,0,0,4,0.0,0.0,0.0,0.0,1.0,0.0,0.0,0.0,0.0
234,5.0,31.3875,2,3,4,1,0,0,0,4,0.0,0.0,0.0,1.0,0.0,0.0,0.0,0.0,1.0
235,24.0,10.5,0,2,0,0,0,0,0,5,0.0,0.0,0.0,0.0,1.0,0.0,0.0,0.0,0.0
236,29.8811376673,7.55,0,3,0,1,0,0,0,4,0.0,0.0,0.0,1.0,0.0,0.0,0.0,0.0,0.0
237,44.0,26.0,0,2,1,0,0,0,0,3,0.0,0.0,0.0,0.0,1.0,0.0,0.0,0.0,0.0
238,8.0,26.25,2,2,0,1,0,0,0,4,0.0,0.0,0.0,1.0,0.0,0.0,0.0,0.0,1.0
239,19.0,10.5,0,2,0,0,0,0,0,4,0.0,0.0,0.0,0.0,1.0,0.0,0.0,0.0,0.0
240,33.0,12.275,0,2,0,0,0,0,0,4,0.0,0.0,0.0,0.0,1.0,0.0,0.0,0.0,0.0
241,29.8811376673,14.4542,0,3,1,1,1,0,0,3,0.0,0.0,0.0,1.0,0.0,0.0,0.0,0.0,0.0
242,29.8811376673,15.5,0,3,1,1,2,0,0,4,0.0,0.0,0.0,1.0,0.0,0.0,0.0,0.0,1.0
243,29.0,10.5,0,2,0,0,0,0,0,4,0.0,0.0,0.0,0.0,1.0,0.0,0.0,0.0,0.0
244,22.0,7.125,0,3,0,0,0,0,0,4,0.0,0.0,0.0,0.0,1.0,0.0,0.0,0.0,0.0
245,30.0,7.225,0,3,0,0,1,0,0,3,0.0,0.0,0.0,0.0,1.0,0.0,0.0,0.0,0.0
246,44.0,90.0,0,1,2,0,2,1,78,4,1.0,0.0,0.0,0.0,0.0,0.0,0.0,0.0,0.0
247,25.0,7.775,0,3,0,1,0,0,0,5,0.0,0.0,0.0,1.0,0.0,0.0,0.0,0.0,0.0
248,24.0,14.5,2,2,0,1,0,0,0,4,0.0,0.0,0.0,0.0,0.0,1.0,0.0,0.0,1.0
249,37.0,52.5542,1,1,1,0,0,4,35,4,0.0,0.0,0.0,0.0,1.0,0.0,0.0,0.0,1.0
250,54.0,26.0,0,2,1,0,0,0,0,4,0.0,0.0,0.0,0.0,0.0,0.0,1.0,0.0,0.0
251,29.8811376673,7.25,0,3,0,0,0,0,0,4,0.0,0.0,0.0,0.0,1.0,0.0,0.0,0.0,0.0
252,29.0,10.4625,1,3,1,1,0,3,6,6,0.0,0.0,0.0,0.0,0.0,1.0,0.0,0.0,0.0
253,62.0,26.55,0,1,0,0,0,1,87,4,0.0,0.0,0.0,0.0,1.0,0.0,0.0,0.0,0.0
254,30.0,16.1,0,3,1,0,0,0,0,4,0.0,0.0,0.0,0.0,1.0,0.0,0.0,0.0,0.0
255,41.0,20.2125,2,3,0,1,0,0,0,5,0.0,0.0,0.0,0.0,0.0,1.0,0.0,0.0,0.0
256,29.0,15.2458,2,3,0,1,1,0,0,6,0.0,0.0,0.0,0.0,0.0,1.0,0.0,0.0,1.0
257,29.8811376673,79.2,0,1,0,1,1,0,0,4,0.0,0.0,0.0,0.0,0.0,1.0,0.0,0.0,1.0
258,30.0,86.5,0,1,0,1,0,6,77,3,0.0,0.0,0.0,1.0,0.0,0.0,0.0,0.0,1.0
259,35.0,512.3292,0,1,0,1,1,0,0,3,0.0,0.0,0.0,1.0,0.0,0.0,0.0,0.0,1.0
260,50.0,26.0,1,2,0,1,0,0,0,4,0.0,0.0,0.0,0.0,0.0,1.0,0.0,0.0,1.0
261,29.8811376673,7.75,0,3,0,0,2,0,0,3,0.0,0.0,0.0,0.0,1.0,0.0,0.0,0.0,0.0
262,3.0,31.3875,2,3,4,0,0,0,0,5,0.0,0.0,1.0,0.0,0.0,0.0,0.0,0.0,1.0
263,52.0,79.65,1,1,1,0,0,2,67,3,0.0,0.0,0.0,0.0,1.0,0.0,0.0,0.0,0.0
264,40.0,0.0,0,1,0,0,0,6,94,3,0.0,0.0,0.0,0.0,1.0,0.0,0.0,0.0,0.0
265,29.8811376673,7.75,0,3,0,1,2,0,0,3,0.0,0.0,0.0,1.0,0.0,0.0,0.0,0.0,0.0
266,36.0,10.5,0,2,0,0,0,0,0,3,0.0,0.0,0.0,0.0,1.0,0.0,0.0,0.0,0.0
267,16.0,39.6875,1,3,4,0,0,0,0,4,0.0,0.0,0.0,0.0,1.0,0.0,0.0,0.0,0.0
268,25.0,7.775,0,3,1,0,0,0,0,4,0.0,0.0,0.0,0.0,1.0,0.0,0.0,0.0,1.0
269,58.0,153.4625,1,1,0,1,0,1,125,6,0.0,0.0,0.0,0.0,0.0,1.0,0.0,0.0,1.0
270,35.0,135.6333,0,1,0,1,0,1,99,3,0.0,0.0,0.0,1.0,0.0,0.0,0.0,0.0,1.0
271,29.8811376673,31.0,0,1,0,0,0,0,0,3,0.0,0.0,0.0,0.0,1.0,0.0,0.0,0.0,0.0
272,25.0,0.0,0,3,0,0,0,0,0,4,0.0,0.0,0.0,0.0,1.0,0.0,0.0,0.0,1.0
273,41.0,19.5,1,2,0,1,0,0,0,5,0.0,0.0,0.0,0.0,0.0,1.0,0.0,0.0,1.0
274,37.0,29.7,1,1,0,0,1,1,118,4,0.0,0.0,0.0,0.0,1.0,0.0,0.0,0.0,0.0
275,29.8811376673,7.75,0,3,0,1,2,0,0,4,0.0,0.0,0.0,1.0,0.0,0.0,0.0,0.0,1.0
276,63.0,77.9583,0,1,1,1,0,4,7,4,0.0,0.0,0.0,1.0,0.0,0.0,0.0,0.0,1.0
277,45.0,7.75,0,3,0,1,0,0,0,4,0.0,0.0,0.0,1.0,0.0,0.0,0.0,0.0,0.0
278,29.8811376673,0.0,0,2,0,0,0,0,0,4,0.0,0.0,0.0,0.0,1.0,0.0,0.0,0.0,0.0
279,7.0,29.125,1,3,4,0,2,0,0,3,0.0,0.0,1.0,0.0,0.0,0.0,0.0,0.0,0.0
280,35.0,20.25,1,3,1,1,0,0,0,5,0.0,0.0,0.0,0.0,0.0,1.0,0.0,0.0,1.0
281,65.0,7.75,0,3,0,0,2,0,0,3,0.0,0.0,0.0,0.0,1.0,0.0,0.0,0.0,0.0
282,28.0,7.8542,0,3,0,0,0,0,0,5,0.0,0.0,0.0,0.0,1.0,0.0,0.0,0.0,0.0
283,16.0,9.5,0,3,0,0,0,0,0,4,0.0,0.0,0.0,0.0,1.0,0.0,0.0,0.0,0.0
284,19.0,8.05,0,3,0,0,0,0,0,4,0.0,0.0,0.0,0.0,1.0,0.0,0.0,0.0,1.0
285,29.8811376673,26.0,0,1,0,0,0,5,19,4,0.0,0.0,0.0,0.0,1.0,0.0,0.0,0.0,0.0
286,33.0,8.6625,0,3,0,0,1,0,0,3,0.0,0.0,0.0,0.0,1.0,0.0,0.0,0.0,0.0
287,30.0,9.5,0,3,0,0,0,0,0,4,0.0,0.0,0.0,0.0,1.0,0.0,0.0,0.0,1.0
288,22.0,7.8958,0,3,0,0,0,0,0,3,0.0,0.0,0.0,0.0,1.0,0.0,0.0,0.0,0.0
289,42.0,13.0,0,2,0,0,0,0,0,3,0.0,0.0,0.0,0.0,1.0,0.0,0.0,0.0,1.0
290,22.0,7.75,0,3,0,1,2,0,0,3,0.0,0.0,0.0,1.0,0.0,0.0,0.0,0.0,1.0
291,26.0,78.85,0,1,0,1,0,0,0,4,0.0,0.0,0.0,1.0,0.0,0.0,0.0,0.0,1.0
292,19.0,91.0792,0,1,1,1,1,6,49,6,0.0,0.0,0.0,0.0,0.0,1.0,0.0,0.0,1.0
293,36.0,12.875,0,2,0,0,1,4,0,4,0.0,0.0,0.0,0.0,1.0,0.0,0.0,0.0,0.0
294,24.0,8.85,0,3,0,1,0,0,0,3,0.0,0.0,0.0,1.0,0.0,0.0,0.0,0.0,0.0
295,24.0,7.8958,0,3,0,0,0,0,0,3,0.0,0.0,0.0,0.0,1.0,0.0,0.0,0.0,0.0
296,29.8811376673,27.7208,0,1,0,0,1,0,0,4,0.0,0.0,0.0,0.0,1.0,0.0,0.0,0.0,0.0
297,23.5,7.2292,0,3,0,0,1,0,0,3,0.0,0.0,0.0,0.0,1.0,0.0,0.0,0.0,0.0
298,2.0,151.55,2,1,1,1,0,1,22,4,0.0,0.0,0.0,1.0,0.0,0.0,0.0,0.0,0.0
299,29.8811376673,30.5,0,1,0,0,0,1,106,3,0.0,0.0,0.0,0.0,1.0,0.0,0.0,0.0,1.0
300,50.0,247.5208,1,1,0,1,1,6,58,6,0.0,0.0,0.0,0.0,0.0,1.0,0.0,0.0,1.0
301,29.8811376673,7.75,0,3,0,1,2,0,0,6,0.0,0.0,0.0,1.0,0.0,0.0,0.0,0.0,1.0
302,29.8811376673,23.25,0,3,2,0,2,0,0,3,0.0,0.0,0.0,0.0,1.0,0.0,0.0,0.0,1.0
303,19.0,0.0,0,3,0,0,0,0,0,5,0.0,0.0,0.0,0.0,1.0,0.0,0.0,0.0,0.0
304,29.8811376673,12.35,0,2,0,1,2,2,101,4,0.0,0.0,0.0,1.0,0.0,0.0,0.0,0.0,1.0
305,29.8811376673,8.05,0,3,0,0,0,0,0,5,0.0,0.0,0.0,0.0,1.0,0.0,0.0,0.0,0.0
306,0.92,151.55,2,1,1,0,0,1,22,4,0.0,0.0,1.0,0.0,0.0,0.0,0.0,0.0,1.0
307,29.8811376673,110.8833,0,1,0,1,1,0,0,3,0.0,0.0,0.0,1.0,0.0,0.0,0.0,0.0,1.0
308,17.0,108.9,0,1,1,1,1,1,65,14,0.0,0.0,0.0,0.0,0.0,1.0,0.0,0.0,1.0
309,30.0,24.0,0,2,1,0,1,0,0,3,0.0,0.0,0.0,0.0,1.0,0.0,0.0,0.0,0.0
310,30.0,56.9292,0,1,0,1,1,2,36,4,0.0,0.0,0.0,1.0,0.0,0.0,0.0,0.0,1.0
311,24.0,83.1583,0,1,0,1,1,1,54,4,0.0,0.0,0.0,1.0,0.0,0.0,0.0,0.0,1.0
312,18.0,262.375,2,1,2,1,1,6,57,4,0.0,0.0,0.0,1.0,0.0,0.0,0.0,0.0,1.0
313,26.0,26.0,1,2,1,1,0,0,0,5,0.0,0.0,0.0,0.0,0.0,1.0,0.0,0.0,0.0
314,28.0,7.8958,0,3,0,0,0,0,0,3,0.0,0.0,0.0,0.0,1.0,0.0,0.0,0.0,0.0
315,43.0,26.25,1,2,1,0,0,0,0,3,0.0,0.0,0.0,0.0,1.0,0.0,0.0,0.0,0.0
316,26.0,7.8542,0,3,0,1,0,0,0,4,0.0,0.0,0.0,1.0,0.0,0.0,0.0,0.0,1.0
317,24.0,26.0,0,2,1,1,0,0,0,5,0.0,0.0,0.0,0.0,0.0,1.0,0.0,0.0,1.0
318,54.0,14.0,0,2,0,0,0,0,0,3,1.0,0.0,0.0,0.0,0.0,0.0,0.0,0.0,0.0
319,31.0,164.8667,2,1,0,1,0,1,7,4,0.0,0.0,0.0,1.0,0.0,0.0,0.0,0.0,1.0
320,40.0,134.5,1,1,1,1,1,2,34,7,0.0,0.0,0.0,0.0,0.0,1.0,0.0,0.0,1.0
321,22.0,7.25,0,3,0,0,0,0,0,3,0.0,0.0,0.0,0.0,1.0,0.0,0.0,0.0,0.0
322,27.0,7.8958,0,3,0,0,0,0,0,3,0.0,0.0,0.0,0.0,1.0,0.0,0.0,0.0,0.0
323,30.0,12.35,0,2,0,1,2,0,0,4,0.0,0.0,0.0,1.0,0.0,0.0,0.0,0.0,1.0
324,22.0,29.0,1,2,1,1,0,0,0,7,0.0,0.0,0.0,0.0,0.0,1.0,0.0,0.0,1.0
325,29.8811376673,69.55,2,3,8,0,0,0,0,5,0.0,0.0,0.0,0.0,1.0,0.0,0.0,0.0,0.0
326,36.0,135.6333,0,1,0,1,1,1,32,4,0.0,0.0,0.0,1.0,0.0,0.0,0.0,0.0,1.0
327,61.0,6.2375,0,3,0,0,0,0,0,4,0.0,0.0,0.0,0.0,1.0,0.0,0.0,0.0,0.0
328,36.0,13.0,0,2,0,1,0,4,0,5,0.0,0.0,0.0,0.0,0.0,1.0,0.0,0.0,1.0
329,31.0,20.525,1,3,1,1,0,0,0,7,0.0,0.0,0.0,0.0,0.0,1.0,0.0,0.0,1.0
330,16.0,57.9792,1,1,0,1,1,6,18,4,0.0,0.0,0.0,1.0,0.0,0.0,0.0,0.0,1.0
331,29.8811376673,23.25,0,3,2,1,2,0,0,3,0.0,0.0,0.0,1.0,0.0,0.0,0.0,0.0,1.0
332,45.5,28.5,0,1,0,0,0,1,124,3,0.0,0.0,0.0,0.0,1.0,0.0,0.0,0.0,0.0
333,38.0,153.4625,1,1,0,0,0,1,91,4,0.0,0.0,0.0,0.0,1.0,0.0,0.0,0.0,0.0
334,16.0,18.0,0,3,2,0,0,0,0,5,0.0,0.0,0.0,0.0,1.0,0.0,0.0,0.0,0.0
335,29.8811376673,133.65,0,1,1,1,0,0,0,6,0.0,0.0,0.0,0.0,0.0,1.0,0.0,0.0,1.0
336,29.8811376673,7.8958,0,3,0,0,0,0,0,3,0.0,0.0,0.0,0.0,1.0,0.0,0.0,0.0,0.0
337,29.0,66.6,0,1,1,0,0,1,2,4,0.0,0.0,0.0,0.0,1.0,0.0,0.0,0.0,0.0
338,41.0,134.5,0,1,0,1,1,2,40,4,0.0,0.0,0.0,1.0,0.0,0.0,0.0,0.0,1.0
339,45.0,8.05,0,3,0,0,0,0,0,4,0.0,0.0,0.0,0.0,1.0,0.0,0.0,0.0,1.0
340,45.0,35.5,0,1,0,0,0,8,0,4,0.0,0.0,0.0,0.0,1.0,0.0,0.0,0.0,0.0
341,2.0,26.0,1,2,1,0,0,7,2,4,0.0,0.0,1.0,0.0,0.0,0.0,0.0,0.0,1.0
342,24.0,263.0,2,1,3,1,0,1,23,4,0.0,0.0,0.0,1.0,0.0,0.0,0.0,0.0,1.0
343,28.0,13.0,0,2,0,0,0,0,0,4,0.0,0.0,0.0,0.0,1.0,0.0,0.0,0.0,0.0
344,25.0,13.0,0,2,0,0,0,0,0,5,0.0,0.0,0.0,0.0,1.0,0.0,0.0,0.0,0.0
345,36.0,13.0,0,2,0,0,0,0,0,4,0.0,0.0,0.0,0.0,1.0,0.0,0.0,0.0,0.0
346,24.0,13.0,0,2,0,1,0,7,33,4,0.0,0.0,0.0,1.0,0.0,0.0,0.0,0.0,1.0
347,40.0,13.0,0,2,0,1,0,0,0,4,0.0,0.0,0.0,1.0,0.0,0.0,0.0,0.0,1.0
348,29.8811376673,16.1,0,3,1,1,0,0,0,7,0.0,0.0,0.0,0.0,0.0,1.0,0.0,0.0,1.0
349,3.0,15.9,1,3,1,0,0,0,0,5,0.0,0.0,1.0,0.0,0.0,0.0,0.0,0.0,1.0
350,42.0,8.6625,0,3,0,0,0,0,0,3,0.0,0.0,0.0,0.0,1.0,0.0,0.0,0.0,0.0
351,23.0,9.225,0,3,0,0,0,0,0,4,0.0,0.0,0.0,0.0,1.0,0.0,0.0,0.0,0.0
352,29.8811376673,35.0,0,1,0,0,0,1,128,4,0.0,0.0,0.0,0.0,1.0,0.0,0.0,0.0,0.0
353,15.0,7.2292,1,3,1,0,1,0,0,3,0.0,0.0,0.0,0.0,1.0,0.0,0.0,0.0,0.0
354,25.0,17.8,0,3,1,0,0,0,0,3,0.0,0.0,0.0,0.0,1.0,0.0,0.0,0.0,0.0
355,29.8811376673,7.225,0,3,0,0,1,0,0,3,0.0,0.0,0.0,0.0,1.0,0.0,0.0,0.0,0.0
356,28.0,9.5,0,3,0,0,0,0,0,5,0.0,0.0,0.0,0.0,1.0,0.0,0.0,0.0,0.0
357,22.0,55.0,1,1,0,1,0,2,33,4,0.0,0.0,0.0,1.0,0.0,0.0,0.0,0.0,1.0
358,38.0,13.0,0,2,0,1,0,0,0,4,0.0,0.0,0.0,1.0,0.0,0.0,0.0,0.0,0.0
359,29.8811376673,7.8792,0,3,0,1,2,0,0,3,0.0,0.0,0.0,1.0,0.0,0.0,0.0,0.0,1.0
360,29.8811376673,7.8792,0,3,0,1,2,0,0,5,0.0,0.0,0.0,1.0,0.0,0.0,0.0,0.0,1.0
361,40.0,27.9,4,3,1,0,0,0,0,3,0.0,0.0,0.0,0.0,1.0,0.0,0.0,0.0,0.0
362,29.0,27.7208,0,2,1,0,1,0,0,4,0.0,0.0,0.0,0.0,1.0,0.0,0.0,0.0,0.0
363,45.0,14.4542,1,3,0,1,1,0,0,4,0.0,0.0,0.0,0.0,0.0,1.0,0.0,0.0,0.0
364,35.0,7.05,0,3,0,0,0,0,0,3,0.0,0.0,0.0,0.0,1.0,0.0,0.0,0.0,0.0
365,29.8811376673,15.5,0,3,1,0,2,0,0,3,0.0,0.0,0.0,0.0,1.0,0.0,0.0,0.0,0.0
366,30.0,7.25,0,3,0,0,0,0,0,5,0.0,0.0,0.0,0.0,1.0,0.0,0.0,0.0,0.0
367,60.0,75.25,0,1,1,1,1,4,37,7,0.0,0.0,0.0,0.0,0.0,1.0,0.0,0.0,1.0
368,29.8811376673,7.2292,0,3,0,1,1,0,0,4,0.0,0.0,0.0,0.0,0.0,1.0,0.0,0.0,1.0
369,29.8811376673,7.75,0,3,0,1,2,0,0,3,0.0,0.0,0.0,1.0,0.0,0.0,0.0,0.0,1.0
370,24.0,69.3,0,1,0,1,1,6,35,4,0.0,0.0,0.0,0.0,0.0,1.0,0.0,0.0,1.0
371,25.0,55.4417,0,1,1,0,1,2,50,4,0.0,0.0,0.0,0.0,1.0,0.0,0.0,0.0,1.0
372,18.0,6.4958,0,3,1,0,0,0,0,4,0.0,0.0,0.0,0.0,1.0,0.0,0.0,0.0,0.0
373,19.0,8.05,0,3,0,0,0,0,0,4,0.0,0.0,0.0,0.0,1.0,0.0,0.0,0.0,0.0
374,22.0,135.6333,0,1,0,0,1,0,0,3,0.0,0.0,0.0,0.0,1.0,0.0,0.0,0.0,0.0
375,3.0,21.075,1,3,3,1,0,0,0,4,0.0,0.0,0.0,1.0,0.0,0.0,0.0,0.0,0.0
376,29.8811376673,82.1708,0,1,1,1,1,0,0,6,0.0,0.0,0.0,0.0,0.0,1.0,0.0,0.0,1.0
377,22.0,7.25,0,3,0,1,0,0,0,4,0.0,0.0,0.0,1.0,0.0,0.0,0.0,0.0,1.0
378,27.0,211.5,2,1,0,0,1,1,82,4,0.0,0.0,0.0,0.0,1.0,0.0,0.0,0.0,0.0
379,20.0,4.0125,0,3,0,0,1,0,0,3,0.0,0.0,0.0,0.0,1.0,0.0,0.0,0.0,0.0
380,19.0,7.775,0,3,0,0,0,0,0,4,0.0,0.0,0.0,0.0,1.0,0.0,0.0,0.0,0.0
381,42.0,227.525,0,1,0,1,1,0,0,3,0.0,0.0,0.0,1.0,0.0,0.0,0.0,0.0,1.0
382,1.0,15.7417,2,3,0,1,1,0,0,4,0.0,0.0,0.0,1.0,0.0,0.0,0.0,0.0,1.0
383,32.0,7.925,0,3,0,0,0,0,0,3,0.0,0.0,0.0,0.0,1.0,0.0,0.0,0.0,0.0
384,35.0,52.0,0,1,1,1,0,0,0,7,0.0,0.0,0.0,0.0,0.0,1.0,0.0,0.0,1.0
385,29.8811376673,7.8958,0,3,0,0,0,0,0,3,0.0,0.0,0.0,0.0,1.0,0.0,0.0,0.0,0.0
386,18.0,73.5,0,2,0,0,0,0,0,4,0.0,0.0,0.0,0.0,1.0,0.0,0.0,0.0,0.0
387,1.0,46.9,2,3,5,0,0,0,0,4,0.0,0.0,1.0,0.0,0.0,0.0,0.0,0.0,0.0
388,36.0,13.0,0,2,0,1,0,0,0,3,0.0,0.0,0.0,1.0,0.0,0.0,0.0,0.0,1.0
389,29.8811376673,7.7292,0,3,0,0,2,0,0,3,0.0,0.0,0.0,0.0,1.0,0.0,0.0,0.0,0.0
390,17.0,12.0,0,2,0,1,1,0,0,3,0.0,0.0,0.0,1.0,0.0,0.0,0.0,0.0,1.0
391,36.0,120.0,2,1,1,0,0,6,96,4,0.0,0.0,0.0,0.0,1.0,0.0,0.0,0.0,1.0
392,21.0,7.7958,0,3,0,0,0,0,0,4,0.0,0.0,0.0,0.0,1.0,0.0,0.0,0.0,1.0
393,28.0,7.925,0,3,2,0,0,0,0,4,0.0,0.0,0.0,0.0,1.0,0.0,0.0,0.0,0.0
394,23.0,113.275,0,1,1,1,1,4,36,3,0.0,0.0,0.0,1.0,0.0,0.0,0.0,0.0,1.0
395,24.0,16.7,2,3,0,1,0,3,6,6,0.0,0.0,0.0,0.0,0.0,1.0,0.0,0.0,1.0
396,22.0,7.7958,0,3,0,0,0,0,0,3,0.0,0.0,0.0,0.0,1.0,0.0,0.0,0.0,0.0
397,31.0,7.8542,0,3,0,1,0,0,0,3,0.0,0.0,0.0,1.0,0.0,0.0,0.0,0.0,0.0
398,46.0,26.0,0,2,0,0,0,0,0,4,0.0,0.0,0.0,0.0,1.0,0.0,0.0,0.0,0.0
399,23.0,10.5,0,2,0,0,0,0,0,3,1.0,0.0,0.0,0.0,0.0,0.0,0.0,0.0,0.0
400,28.0,12.65,0,2,0,1,0,0,0,6,0.0,0.0,0.0,0.0,0.0,1.0,0.0,0.0,1.0
401,39.0,7.925,0,3,0,0,0,0,0,3,0.0,0.0,0.0,0.0,1.0,0.0,0.0,0.0,1.0
402,26.0,8.05,0,3,0,0,0,0,0,3,0.0,0.0,0.0,0.0,1.0,0.0,0.0,0.0,0.0
403,21.0,9.825,0,3,1,1,0,0,0,4,0.0,0.0,0.0,1.0,0.0,0.0,0.0,0.0,0.0
404,28.0,15.85,0,3,1,0,0,0,0,4,0.0,0.0,0.0,0.0,1.0,0.0,0.0,0.0,0.0
405,20.0,8.6625,0,3,0,1,0,0,0,3,0.0,0.0,0.0,1.0,0.0,0.0,0.0,0.0,0.0
406,34.0,21.0,0,2,1,0,0,0,0,3,0.0,0.0,0.0,0.0,1.0,0.0,0.0,0.0,0.0
407,51.0,7.75,0,3,0,0,0,0,0,4,0.0,0.0,0.0,0.0,1.0,0.0,0.0,0.0,0.0
408,3.0,18.75,1,2,1,0,0,0,0,4,0.0,0.0,1.0,0.0,0.0,0.0,0.0,0.0,1.0
409,21.0,7.775,0,3,0,0,0,0,0,5,0.0,0.0,0.0,0.0,1.0,0.0,0.0,0.0,0.0
410,29.8811376673,25.4667,1,3,3,1,0,0,0,3,0.0,0.0,0.0,1.0,0.0,0.0,0.0,0.0,0.0
411,29.8811376673,7.8958,0,3,0,0,0,0,0,3,0.0,0.0,0.0,0.0,1.0,0.0,0.0,0.0,0.0
412,29.8811376673,6.8583,0,3,0,0,2,0,0,3,0.0,0.0,0.0,0.0,1.0,0.0,0.0,0.0,0.0
413,33.0,90.0,0,1,1,1,2,1,78,4,0.0,0.0,0.0,1.0,0.0,0.0,0.0,0.0,1.0
414,29.8811376673,0.0,0,2,0,0,0,0,0,4,0.0,0.0,0.0,0.0,1.0,0.0,0.0,0.0,0.0
415,44.0,7.925,0,3,0,0,0,0,0,4,0.0,0.0,0.0,0.0,1.0,0.0,0.0,0.0,1.0
416,29.8811376673,8.05,0,3,0,1,0,0,0,6,0.0,0.0,0.0,0.0,0.0,1.0,0.0,0.0,0.0
417,34.0,32.5,1,2,1,1,0,0,0,7,0.0,0.0,0.0,0.0,0.0,1.0,0.0,0.0,1.0
418,18.0,13.0,2,2,0,1,0,0,0,4,0.0,0.0,0.0,1.0,0.0,0.0,0.0,0.0,1.0
419,30.0,13.0,0,2,0,0,0,0,0,4,0.0,0.0,0.0,0.0,1.0,0.0,0.0,0.0,0.0
420,10.0,24.15,2,3,0,1,0,0,0,4,0.0,0.0,0.0,1.0,0.0,0.0,0.0,0.0,0.0
421,29.8811376673,7.8958,0,3,0,0,1,0,0,3,0.0,0.0,0.0,0.0,1.0,0.0,0.0,0.0,0.0
422,21.0,7.7333,0,3,0,0,2,0,0,3,0.0,0.0,0.0,0.0,1.0,0.0,0.0,0.0,0.0
423,29.0,7.875,0,3,0,0,0,0,0,3,0.0,0.0,0.0,0.0,1.0,0.0,0.0,0.0,0.0
424,28.0,14.4,1,3,1,1,0,0,0,8,0.0,0.0,0.0,0.0,0.0,1.0,0.0,0.0,0.0
425,18.0,20.2125,1,3,1,0,0,0,0,4,0.0,0.0,0.0,0.0,1.0,0.0,0.0,0.0,0.0
426,29.8811376673,7.25,0,3,0,0,0,0,0,3,0.0,0.0,0.0,0.0,1.0,0.0,0.0,0.0,0.0
427,28.0,26.0,0,2,1,1,0,0,0,7,0.0,0.0,0.0,0.0,0.0,1.0,0.0,0.0,1.0
428,19.0,26.0,0,2,0,1,0,0,0,9,0.0,0.0,0.0,1.0,0.0,0.0,0.0,0.0,1.0
429,29.8811376673,7.75,0,3,0,0,2,0,0,3,0.0,0.0,0.0,0.0,1.0,0.0,0.0,0.0,0.0
430,32.0,8.05,0,3,0,0,0,2,10,5,0.0,0.0,0.0,0.0,1.0,0.0,0.0,0.0,1.0
431,28.0,26.55,0,1,0,0,0,1,52,4,0.0,0.0,0.0,0.0,1.0,0.0,0.0,0.0,1.0
432,29.8811376673,16.1,0,3,1,1,0,0,0,6,0.0,0.0,0.0,0.0,0.0,1.0,0.0,0.0,1.0
433,42.0,26.0,0,2,1,1,0,0,0,7,0.0,0.0,0.0,0.0,0.0,1.0,0.0,0.0,1.0
434,17.0,7.125,0,3,0,0,0,0,0,4,0.0,0.0,0.0,0.0,1.0,0.0,0.0,0.0,0.0
435,50.0,55.9,0,1,1,0,0,2,44,4,0.0,0.0,0.0,0.0,1.0,0.0,0.0,0.0,0.0
436,14.0,120.0,2,1,1,1,0,6,96,4,0.0,0.0,0.0,1.0,0.0,0.0,0.0,0.0,1.0
437,21.0,34.375,2,3,2,1,0,0,0,5,0.0,0.0,0.0,1.0,0.0,0.0,0.0,0.0,0.0
438,24.0,18.75,3,2,2,1,0,0,0,5,0.0,0.0,0.0,0.0,0.0,1.0,0.0,0.0,1.0
439,64.0,263.0,4,1,1,0,0,1,23,3,0.0,0.0,0.0,0.0,1.0,0.0,0.0,0.0,0.0
440,31.0,10.5,0,2,0,0,0,0,0,5,0.0,0.0,0.0,0.0,1.0,0.0,0.0,0.0,0.0
441,45.0,26.25,1,2,1,1,0,0,0,6,0.0,0.0,0.0,0.0,0.0,1.0,0.0,0.0,1.0
442,20.0,9.5,0,3,0,0,0,0,0,3,0.0,0.0,0.0,0.0,1.0,0.0,0.0,0.0,0.0
443,25.0,7.775,0,3,1,0,0,0,0,4,0.0,0.0,0.0,0.0,1.0,0.0,0.0,0.0,0.0
444,28.0,13.0,0,2,0,1,0,0,0,3,0.0,0.0,0.0,1.0,0.0,0.0,0.0,0.0,1.0
445,29.8811376673,8.1125,0,3,0,0,0,0,0,3,0.0,0.0,0.0,0.0,1.0,0.0,0.0,0.0,1.0
446,4.0,81.8583,2,1,0,0,0,5,34,3,0.0,0.0,1.0,0.0,0.0,0.0,0.0,0.0,1.0
447,13.0,19.5,1,2,0,1,0,0,0,4,0.0,0.0,0.0,1.0,0.0,0.0,0.0,0.0,1.0
448,34.0,26.55,0,1,0,0,0,0,0,4,0.0,0.0,0.0,0.0,1.0,0.0,0.0,0.0,1.0
449,5.0,19.2583,1,3,2,1,1,0,0,4,0.0,0.0,0.0,1.0,0.0,0.0,0.0,0.0,1.0
450,52.0,30.5,0,1,0,0,0,1,104,4,0.0,0.0,0.0,0.0,0.0,0.0,0.0,1.0,1.0
451,36.0,27.75,2,2,1,0,0,0,0,4,0.0,0.0,0.0,0.0,1.0,0.0,0.0,0.0,0.0
452,29.8811376673,19.9667,0,3,1,0,0,0,0,5,0.0,0.0,0.0,0.0,1.0,0.0,0.0,0.0,0.0
453,30.0,27.75,0,1,0,0,1,1,111,4,0.0,0.0,0.0,0.0,1.0,0.0,0.0,0.0,0.0
454,49.0,89.1042,0,1,1,0,1,1,92,4,0.0,0.0,0.0,0.0,1.0,0.0,0.0,0.0,1.0
455,29.8811376673,8.05,0,3,0,0,0,0,0,3,0.0,0.0,0.0,0.0,1.0,0.0,0.0,0.0,0.0
456,29.0,7.8958,0,3,0,0,1,0,0,3,0.0,0.0,0.0,0.0,1.0,0.0,0.0,0.0,1.0
457,65.0,26.55,0,1,0,0,0,2,38,4,0.0,0.0,0.0,0.0,1.0,0.0,0.0,0.0,0.0
458,29.8811376673,51.8625,0,1,1,1,0,4,21,5,0.0,0.0,0.0,0.0,0.0,1.0,0.0,0.0,1.0
459,50.0,10.5,0,2,0,1,0,0,0,3,0.0,0.0,0.0,1.0,0.0,0.0,0.0,0.0,1.0
460,29.8811376673,7.75,0,3,0,0,2,0,0,3,0.0,0.0,0.0,0.0,1.0,0.0,0.0,0.0,0.0
461,48.0,26.55,0,1,0,0,0,2,12,3,0.0,0.0,0.0,0.0,1.0,0.0,0.0,0.0,1.0
462,34.0,8.05,0,3,0,0,0,0,0,3,0.0,0.0,0.0,0.0,1.0,0.0,0.0,0.0,0.0
463,47.0,38.5,0,1,0,0,0,2,63,4,0.0,0.0,0.0,0.0,1.0,0.0,0.0,0.0,0.0
464,48.0,13.0,0,2,0,0,0,0,0,4,0.0,0.0,0.0,0.0,1.0,0.0,0.0,0.0,0.0
465,29.8811376673,8.05,0,3,0,0,0,0,0,3,0.0,0.0,0.0,0.0,1.0,0.0,0.0,0.0,0.0
466,38.0,7.05,0,3,0,0,0,0,0,4,0.0,0.0,0.0,0.0,1.0,0.0,0.0,0.0,0.0
467,29.8811376673,0.0,0,2,0,0,0,0,0,3,0.0,0.0,0.0,0.0,1.0,0.0,0.0,0.0,0.0
468,56.0,26.55,0,1,0,0,0,0,0,4,0.0,0.0,0.0,0.0,1.0,0.0,0.0,0.0,0.0
469,29.8811376673,7.725,0,3,0,0,2,0,0,3,0.0,0.0,0.0,0.0,1.0,0.0,0.0,0.0,0.0
470,0.75,19.2583,1,3,2,1,1,0,0,4,0.0,0.0,0.0,1.0,0.0,0.0,0.0,0.0,1.0
471,29.8811376673,7.25,0,3,0,0,0,0,0,3,0.0,0.0,0.0,0.0,1.0,0.0,0.0,0.0,0.0
472,38.0,8.6625,0,3,0,0,0,0,0,3,0.0,0.0,0.0,0.0,1.0,0.0,0.0,0.0,0.0
473,33.0,27.75,2,2,1,1,0,0,0,7,0.0,0.0,0.0,0.0,0.0,1.0,0.0,0.0,1.0
474,23.0,13.7917,0,2,0,1,1,4,0,7,0.0,0.0,0.0,0.0,0.0,1.0,0.0,0.0,1.0
475,22.0,9.8375,0,3,0,1,0,0,0,4,0.0,0.0,0.0,1.0,0.0,0.0,0.0,0.0,0.0
476,29.8811376673,52.0,0,1,0,0,0,5,14,4,0.0,0.0,0.0,0.0,1.0,0.0,0.0,0.0,0.0
477,34.0,21.0,0,2,1,0,0,0,0,4,0.0,0.0,0.0,0.0,1.0,0.0,0.0,0.0,0.0
478,29.0,7.0458,0,3,1,0,0,0,0,4,0.0,0.0,0.0,0.0,1.0,0.0,0.0,0.0,0.0
479,22.0,7.5208,0,3,0,0,0,0,0,4,0.0,0.0,0.0,0.0,1.0,0.0,0.0,0.0,0.0
480,2.0,12.2875,1,3,0,1,0,0,0,4,0.0,0.0,0.0,1.0,0.0,0.0,0.0,0.0,1.0
481,9.0,46.9,2,3,5,0,0,0,0,4,0.0,0.0,1.0,0.0,0.0,0.0,0.0,0.0,0.0
482,29.8811376673,0.0,0,2,0,0,0,0,0,5,0.0,0.0,0.0,0.0,1.0,0.0,0.0,0.0,0.0
483,50.0,8.05,0,3,0,0,0,0,0,4,0.0,0.0,0.0,0.0,1.0,0.0,0.0,0.0,0.0
484,63.0,9.5875,0,3,0,1,0,0,0,3,0.0,0.0,0.0,0.0,0.0,1.0,0.0,0.0,1.0
485,25.0,91.0792,0,1,1,0,1,6,49,4,0.0,0.0,0.0,0.0,1.0,0.0,0.0,0.0,1.0
486,29.8811376673,25.4667,1,3,3,1,0,0,0,3,0.0,0.0,0.0,1.0,0.0,0.0,0.0,0.0,0.0
487,35.0,90.0,0,1,1,1,0,1,93,7,0.0,0.0,0.0,0.0,0.0,1.0,0.0,0.0,1.0
488,58.0,29.7,0,1,0,0,1,6,37,4,0.0,0.0,0.0,0.0,1.0,0.0,0.0,0.0,0.0
489,30.0,8.05,0,3,0,0,0,0,0,4,0.0,0.0,0.0,0.0,1.0,0.0,0.0,0.0,0.0
490,9.0,15.9,1,3,1,0,0,0,0,5,0.0,0.0,1.0,0.0,0.0,0.0,0.0,0.0,1.0
491,29.8811376673,19.9667,0,3,1,0,0,0,0,5,0.0,0.0,0.0,0.0,1.0,0.0,0.0,0.0,0.0
492,21.0,7.25,0,3,0,0,0,0,0,3,0.0,0.0,0.0,0.0,1.0,0.0,0.0,0.0,0.0
493,55.0,30.5,0,1,0,0,0,1,30,4,0.0,0.0,0.0,0.0,1.0,0.0,0.0,0.0,0.0
494,71.0,49.5042,0,1,0,0,1,0,0,3,0.0,0.0,0.0,0.0,1.0,0.0,0.0,0.0,0.0
495,21.0,8.05,0,3,0,0,0,0,0,4,0.0,0.0,0.0,0.0,1.0,0.0,0.0,0.0,0.0
496,29.8811376673,14.4583,0,3,0,0,1,0,0,3,0.0,0.0,0.0,0.0,1.0,0.0,0.0,0.0,0.0
497,54.0,78.2667,0,1,1,1,1,4,20,4,0.0,0.0,0.0,1.0,0.0,0.0,0.0,0.0,1.0
498,29.8811376673,15.1,0,3,0,0,0,0,0,4,0.0,0.0,0.0,0.0,1.0,0.0,0.0,0.0,0.0
499,25.0,151.55,2,1,1,1,0,1,22,8,0.0,0.0,0.0,0.0,0.0,1.0,0.0,0.0,0.0
500,24.0,7.7958,0,3,0,0,0,0,0,3,0.0,0.0,0.0,0.0,1.0,0.0,0.0,0.0,0.0
501,17.0,8.6625,0,3,0,0,0,0,0,3,0.0,0.0,0.0,0.0,1.0,0.0,0.0,0.0,0.0
502,21.0,7.75,0,3,0,1,2,0,0,3,0.0,0.0,0.0,1.0,0.0,0.0,0.0,0.0,0.0
503,29.8811376673,7.6292,0,3,0,1,2,0,0,4,0.0,0.0,0.0,1.0,0.0,0.0,0.0,0.0,0.0
504,37.0,9.5875,0,3,0,1,0,0,0,4,0.0,0.0,0.0,1.0,0.0,0.0,0.0,0.0,0.0
505,16.0,86.5,0,1,0,1,0,6,79,3,0.0,0.0,0.0,1.0,0.0,0.0,0.0,0.0,1.0
506,18.0,108.9,0,1,1,0,1,1,65,7,0.0,0.0,0.0,0.0,1.0,0.0,0.0,0.0,0.0
507,33.0,26.0,2,2,0,1,0,0,0,6,0.0,0.0,0.0,0.0,0.0,1.0,0.0,0.0,1.0
508,29.8811376673,26.55,0,1,0,0,0,0,0,6,0.0,0.0,0.0,0.0,1.0,0.0,0.0,0.0,1.0
509,28.0,22.525,0,3,0,0,0,0,0,4,0.0,0.0,0.0,0.0,1.0,0.0,0.0,0.0,0.0
510,26.0,56.4958,0,3,0,0,0,0,0,3,0.0,0.0,0.0,0.0,1.0,0.0,0.0,0.0,1.0
511,29.0,7.75,0,3,0,0,2,0,0,4,0.0,0.0,0.0,0.0,1.0,0.0,0.0,0.0,1.0
512,29.8811376673,8.05,0,3,0,0,0,0,0,3,0.0,0.0,0.0,0.0,1.0,0.0,0.0,0.0,0.0
513,36.0,26.2875,0,1,0,0,0,2,25,4,0.0,0.0,0.0,0.0,1.0,0.0,0.0,0.0,1.0
514,54.0,59.4,0,1,1,1,1,0,0,6,0.0,0.0,0.0,0.0,0.0,1.0,0.0,0.0,1.0
515,24.0,7.4958,0,3,0,0,0,0,0,3,0.0,0.0,0.0,0.0,1.0,0.0,0.0,0.0,0.0
516,47.0,34.0208,0,1,0,0,0,4,46,4,0.0,0.0,0.0,0.0,1.0,0.0,0.0,0.0,0.0
517,34.0,10.5,0,2,0,1,0,7,33,4,0.0,0.0,0.0,0.0,0.0,1.0,0.0,0.0,1.0
518,29.8811376673,24.15,0,3,0,0,2,0,0,3,0.0,0.0,0.0,0.0,1.0,0.0,0.0,0.0,0.0
519,36.0,26.0,0,2,1,1,0,0,0,8,0.0,0.0,0.0,0.0,0.0,1.0,0.0,0.0,1.0
520,32.0,7.8958,0,3,0,0,0,0,0,3,0.0,0.0,0.0,0.0,1.0,0.0,0.0,0.0,0.0
521,30.0,93.5,0,1,0,1,0,6,73,3,0.0,0.0,0.0,1.0,0.0,0.0,0.0,0.0,1.0
522,22.0,7.8958,0,3,0,0,0,0,0,3,0.0,0.0,0.0,0.0,1.0,0.0,0.0,0.0,0.0
523,29.8811376673,7.225,0,3,0,0,1,0,0,3,0.0,0.0,0.0,0.0,1.0,0.0,0.0,0.0,0.0
524,44.0,57.9792,1,1,0,1,1,6,18,7,0.0,0.0,0.0,0.0,0.0,1.0,0.0,0.0,1.0
525,29.8811376673,7.2292,0,3,0,0,1,0,0,3,0.0,0.0,0.0,0.0,1.0,0.0,0.0,0.0,0.0
526,40.5,7.75,0,3,0,0,2,0,0,3,0.0,0.0,0.0,0.0,1.0,0.0,0.0,0.0,0.0
527,50.0,10.5,0,2,0,1,0,0,0,3,0.0,0.0,0.0,1.0,0.0,0.0,0.0,0.0,1.0
528,29.8811376673,221.7792,0,1,0,0,0,1,95,3,0.0,0.0,0.0,0.0,1.0,0.0,0.0,0.0,0.0
529,39.0,7.925,0,3,0,0,0,0,0,4,0.0,0.0,0.0,0.0,1.0,0.0,0.0,0.0,0.0
530,23.0,11.5,1,2,2,0,0,0,0,4,0.0,0.0,0.0,0.0,1.0,0.0,0.0,0.0,0.0
531,2.0,26.0,1,2,1,1,0,0,0,4,0.0,0.0,0.0,1.0,0.0,0.0,0.0,0.0,1.0
532,29.8811376673,7.2292,0,3,0,0,1,0,0,3,0.0,0.0,0.0,0.0,1.0,0.0,0.0,0.0,0.0
533,17.0,7.2292,1,3,1,0,1,0,0,4,0.0,0.0,0.0,0.0,1.0,0.0,0.0,0.0,0.0
534,29.8811376673,22.3583,2,3,0,1,1,0,0,5,0.0,0.0,0.0,0.0,0.0,1.0,0.0,0.0,1.0
535,30.0,8.6625,0,3,0,1,0,0,0,3,0.0,0.0,0.0,1.0,0.0,0.0,0.0,0.0,0.0
536,7.0,26.25,2,2,0,1,0,0,0,4,0.0,0.0,0.0,1.0,0.0,0.0,0.0,0.0,1.0
537,45.0,26.55,0,1,0,0,0,6,38,4,0.0,0.0,0.0,0.0,0.0,0.0,0.0,1.0,0.0
538,30.0,106.425,0,1,0,1,1,0,0,3,0.0,0.0,0.0,1.0,0.0,0.0,0.0,0.0,1.0
539,29.8811376673,14.5,0,3,0,0,0,0,0,4,0.0,0.0,0.0,0.0,1.0,0.0,0.0,0.0,0.0
540,22.0,49.5,2,1,0,1,1,6,39,4,0.0,0.0,0.0,1.0,0.0,0.0,0.0,0.0,1.0
541,36.0,71.0,2,1,0,1,0,6,22,4,0.0,0.0,0.0,1.0,0.0,0.0,0.0,0.0,1.0
542,9.0,31.275,2,3,4,1,0,0,0,4,0.0,0.0,0.0,1.0,0.0,0.0,0.0,0.0,0.0
543,11.0,31.275,2,3,4,1,0,0,0,4,0.0,0.0,0.0,1.0,0.0,0.0,0.0,0.0,0.0
544,32.0,26.0,0,2,1,0,0,0,0,3,0.0,0.0,0.0,0.0,1.0,0.0,0.0,0.0,1.0
545,50.0,106.425,0,1,1,0,1,1,86,4,0.0,0.0,0.0,0.0,1.0,0.0,0.0,0.0,0.0
546,64.0,26.0,0,1,0,0,0,0,0,4,0.0,0.0,0.0,0.0,1.0,0.0,0.0,0.0,0.0
547,19.0,26.0,0,2,1,1,0,0,0,5,0.0,0.0,0.0,0.0,0.0,1.0,0.0,0.0,1.0
548,29.8811376673,13.8625,0,2,0,0,1,0,0,5,0.0,0.0,0.0,0.0,1.0,0.0,0.0,0.0,1.0
549,33.0,20.525,1,3,1,0,0,0,0,4,0.0,0.0,0.0,0.0,1.0,0.0,0.0,0.0,0.0
550,8.0,36.75,1,2,1,0,0,0,0,5,0.0,0.0,1.0,0.0,0.0,0.0,0.0,0.0,1.0
551,17.0,110.8833,2,1,0,0,1,1,70,5,0.0,0.0,0.0,0.0,1.0,0.0,0.0,0.0,1.0
552,27.0,26.0,0,2,0,0,0,0,0,5,0.0,0.0,0.0,0.0,1.0,0.0,0.0,0.0,0.0
553,29.8811376673,7.8292,0,3,0,0,2,0,0,3,0.0,0.0,0.0,0.0,1.0,0.0,0.0,0.0,0.0
554,22.0,7.225,0,3,0,0,1,0,0,5,0.0,0.0,0.0,0.0,1.0,0.0,0.0,0.0,1.0
555,22.0,7.775,0,3,0,1,0,0,0,3,0.0,0.0,0.0,1.0,0.0,0.0,0.0,0.0,1.0
556,62.0,26.55,0,1,0,0,0,0,0,3,0.0,0.0,0.0,0.0,1.0,0.0,0.0,0.0,0.0
557,48.0,39.6,0,1,1,1,1,5,16,8,0.0,1.0,0.0,0.0,0.0,0.0,0.0,0.0,1.0
558,29.8811376673,227.525,0,1,0,0,1,0,0,3,0.0,0.0,0.0,0.0,1.0,0.0,0.0,0.0,0.0
559,39.0,79.65,1,1,1,1,0,2,67,5,0.0,0.0,0.0,0.0,0.0,1.0,0.0,0.0,1.0
560,36.0,17.4,0,3,1,1,0,0,0,6,0.0,0.0,0.0,0.0,0.0,1.0,0.0,0.0,1.0
561,29.8811376673,7.75,0,3,0,0,2,0,0,4,0.0,0.0,0.0,0.0,1.0,0.0,0.0,0.0,0.0
562,40.0,7.8958,0,3,0,0,0,0,0,3,0.0,0.0,0.0,0.0,1.0,0.0,0.0,0.0,0.0
563,28.0,13.5,0,2,0,0,0,0,0,4,0.0,0.0,0.0,0.0,1.0,0.0,0.0,0.0,0.0
564,29.8811376673,8.05,0,3,0,0,0,0,0,3,0.0,0.0,0.0,0.0,1.0,0.0,0.0,0.0,0.0
565,29.8811376673,8.05,0,3,0,1,0,0,0,4,0.0,0.0,0.0,1.0,0.0,0.0,0.0,0.0,0.0
566,24.0,24.15,0,3,2,0,0,0,0,4,0.0,0.0,0.0,0.0,1.0,0.0,0.0,0.0,0.0
567,19.0,7.8958,0,3,0,0,0,0,0,3,0.0,0.0,0.0,0.0,1.0,0.0,0.0,0.0,0.0
568,29.0,21.075,4,3,0,1,0,0,0,6,0.0,0.0,0.0,0.0,0.0,1.0,0.0,0.0,0.0
569,29.8811376673,7.2292,0,3,0,0,1,0,0,3,0.0,0.0,0.0,0.0,1.0,0.0,0.0,0.0,0.0
570,32.0,7.8542,0,3,0,0,0,0,0,3,0.0,0.0,0.0,0.0,1.0,0.0,0.0,0.0,1.0
571,62.0,10.5,0,2,0,0,0,0,0,3,0.0,0.0,0.0,0.0,1.0,0.0,0.0,0.0,1.0
572,53.0,51.4792,0,1,2,1,0,1,101,6,0.0,0.0,0.0,0.0,0.0,1.0,0.0,0.0,1.0
573,36.0,26.3875,0,1,0,0,0,2,25,5,0.0,0.0,0.0,0.0,1.0,0.0,0.0,0.0,1.0
574,29.8811376673,7.75,0,3,0,1,2,0,0,3,0.0,0.0,0.0,1.0,0.0,0.0,0.0,0.0,1.0
575,16.0,8.05,0,3,0,0,0,0,0,5,0.0,0.0,0.0,0.0,1.0,0.0,0.0,0.0,0.0
576,19.0,14.5,0,3,0,0,0,0,0,3,0.0,0.0,0.0,0.0,1.0,0.0,0.0,0.0,0.0
577,34.0,13.0,0,2,0,1,0,0,0,3,0.0,0.0,0.0,1.0,0.0,0.0,0.0,0.0,1.0
578,39.0,55.9,0,1,1,1,0,2,44,6,0.0,0.0,0.0,0.0,0.0,1.0,0.0,0.0,1.0
579,29.8811376673,14.4583,0,3,1,1,1,0,0,5,0.0,0.0,0.0,0.0,0.0,1.0,0.0,0.0,0.0
580,32.0,7.925,0,3,0,0,0,0,0,3,0.0,0.0,0.0,0.0,1.0,0.0,0.0,0.0,1.0
581,25.0,30.0,1,2,1,1,0,0,0,4,0.0,0.0,0.0,1.0,0.0,0.0,0.0,0.0,1.0
582,39.0,110.8833,1,1,1,1,1,1,68,7,0.0,0.0,0.0,0.0,0.0,1.0,0.0,0.0,1.0
583,54.0,26.0,0,2,0,0,0,0,0,4,0.0,0.0,0.0,0.0,1.0,0.0,0.0,0.0,0.0
584,36.0,40.125,0,1,0,0,1,5,10,4,0.0,0.0,0.0,0.0,1.0,0.0,0.0,0.0,0.0
585,29.8811376673,8.7125,0,3,0,0,1,0,0,3,0.0,0.0,0.0,0.0,1.0,0.0,0.0,0.0,0.0
586,18.0,79.65,2,1,0,1,0,2,68,3,0.0,0.0,0.0,1.0,0.0,0.0,0.0,0.0,1.0
587,47.0,15.0,0,2,0,0,0,0,0,4,0.0,0.0,0.0,0.0,1.0,0.0,0.0,0.0,0.0
588,60.0,79.2,1,1,1,0,1,6,41,3,0.0,0.0,0.0,0.0,1.0,0.0,0.0,0.0,1.0
589,22.0,8.05,0,3,0,0,0,0,0,3,0.0,0.0,0.0,0.0,1.0,0.0,0.0,0.0,0.0
590,29.8811376673,8.05,0,3,0,0,0,0,0,3,0.0,0.0,0.0,0.0,1.0,0.0,0.0,0.0,0.0
591,35.0,7.125,0,3,0,0,0,0,0,3,0.0,0.0,0.0,0.0,1.0,0.0,0.0,0.0,0.0
592,52.0,78.2667,0,1,1,1,1,4,20,6,0.0,0.0,0.0,0.0,0.0,1.0,0.0,0.0,1.0
593,47.0,7.25,0,3,0,0,0,0,0,4,0.0,0.0,0.0,0.0,1.0,0.0,0.0,0.0,0.0
594,29.8811376673,7.75,2,3,0,1,2,0,0,3,0.0,0.0,0.0,1.0,0.0,0.0,0.0,0.0,0.0
595,37.0,26.0,0,2,1,0,0,0,0,4,0.0,0.0,0.0,0.0,1.0,0.0,0.0,0.0,0.0
596,36.0,24.15,1,3,1,0,0,0,0,5,0.0,0.0,0.0,0.0,1.0,0.0,0.0,0.0,0.0
597,29.8811376673,33.0,0,2,0,1,0,0,0,4,0.0,0.0,0.0,1.0,0.0,0.0,0.0,0.0,1.0
598,49.0,0.0,0,3,0,0,0,0,0,3,0.0,0.0,0.0,0.0,1.0,0.0,0.0,0.0,0.0
599,29.8811376673,7.225,0,3,0,0,1,0,0,3,0.0,0.0,0.0,0.0,1.0,0.0,0.0,0.0,0.0
600,49.0,56.9292,0,1,1,0,1,5,20,7,0.0,0.0,0.0,0.0,0.0,0.0,0.0,1.0,1.0
601,24.0,27.0,1,2,2,1,0,0,0,7,0.0,0.0,0.0,0.0,0.0,1.0,0.0,0.0,1.0
602,29.8811376673,7.8958,0,3,0,0,0,0,0,3,0.0,0.0,0.0,0.0,1.0,0.0,0.0,0.0,0.0
603,29.8811376673,42.4,0,1,0,0,0,0,0,4,0.0,0.0,0.0,0.0,1.0,0.0,0.0,0.0,0.0
604,44.0,8.05,0,3,0,0,0,0,0,4,0.0,0.0,0.0,0.0,1.0,0.0,0.0,0.0,0.0
605,35.0,26.55,0,1,0,0,1,0,0,6,0.0,0.0,0.0,0.0,1.0,0.0,0.0,0.0,1.0
606,36.0,15.55,0,3,1,0,0,0,0,4,0.0,0.0,0.0,0.0,1.0,0.0,0.0,0.0,0.0
607,30.0,7.8958,0,3,0,0,0,0,0,3,0.0,0.0,0.0,0.0,1.0,0.0,0.0,0.0,0.0
608,27.0,30.5,0,1,0,0,0,0,0,4,0.0,0.0,0.0,0.0,1.0,0.0,0.0,0.0,1.0
609,22.0,41.5792,2,2,1,1,1,0,0,7,0.0,0.0,0.0,0.0,0.0,1.0,0.0,0.0,1.0
610,40.0,153.4625,0,1,0,1,0,1,125,4,0.0,0.0,0.0,1.0,0.0,0.0,0.0,0.0,1.0
611,39.0,31.275,5,3,1,1,0,0,0,7,0.0,0.0,0.0,0.0,0.0,1.0,0.0,0.0,0.0
612,29.8811376673,7.05,0,3,0,0,0,0,0,4,0.0,0.0,0.0,0.0,1.0,0.0,0.0,0.0,0.0
613,29.8811376673,15.5,0,3,1,1,2,0,0,4,0.0,0.0,0.0,1.0,0.0,0.0,0.0,0.0,1.0
614,29.8811376673,7.75,0,3,0,0,2,0,0,3,0.0,0.0,0.0,0.0,1.0,0.0,0.0,0.0,0.0
615,35.0,8.05,0,3,0,0,0,0,0,4,0.0,0.0,0.0,0.0,1.0,0.0,0.0,0.0,0.0
616,24.0,65.0,2,2,1,1,0,0,0,3,0.0,0.0,0.0,1.0,0.0,0.0,0.0,0.0,1.0
617,34.0,14.4,1,3,1,0,0,0,0,4,0.0,0.0,0.0,0.0,1.0,0.0,0.0,0.0,0.0
618,26.0,16.1,0,3,1,1,0,0,0,7,0.0,0.0,0.0,0.0,0.0,1.0,0.0,0.0,0.0
619,4.0,39.0,1,2,2,1,0,7,4,4,0.0,0.0,0.0,1.0,0.0,0.0,0.0,0.0,1.0
620,26.0,10.5,0,2,0,0,0,0,0,3,0.0,0.0,0.0,0.0,1.0,0.0,0.0,0.0,0.0
621,27.0,14.4542,0,3,1,0,1,0,0,3,0.0,0.0,0.0,0.0,1.0,0.0,0.0,0.0,0.0
622,42.0,52.5542,0,1,1,0,0,4,19,5,0.0,0.0,0.0,0.0,1.0,0.0,0.0,0.0,1.0
623,20.0,15.7417,1,3,1,0,1,0,0,3,0.0,0.0,0.0,0.0,1.0,0.0,0.0,0.0,1.0
624,21.0,7.8542,0,3,0,0,0,0,0,4,0.0,0.0,0.0,0.0,1.0,0.0,0.0,0.0,0.0
625,21.0,16.1,0,3,0,0,0,0,0,5,0.0,0.0,0.0,0.0,1.0,0.0,0.0,0.0,0.0
626,61.0,32.3208,0,1,0,0,0,4,50,3,0.0,0.0,0.0,0.0,1.0,0.0,0.0,0.0,0.0
627,57.0,12.35,0,2,0,0,2,0,0,4,0.0,0.0,0.0,0.0,0.0,0.0,1.0,0.0,0.0
628,21.0,77.9583,0,1,0,1,0,4,9,4,0.0,0.0,0.0,1.0,0.0,0.0,0.0,0.0,1.0
629,26.0,7.8958,0,3,0,0,0,0,0,3,0.0,0.0,0.0,0.0,1.0,0.0,0.0,0.0,0.0
630,29.8811376673,7.7333,0,3,0,0,2,0,0,4,0.0,0.0,0.0,0.0,1.0,0.0,0.0,0.0,0.0
631,80.0,30.0,0,1,0,0,0,5,23,5,0.0,0.0,0.0,0.0,1.0,0.0,0.0,0.0,1.0
632,51.0,7.0542,0,3,0,0,0,0,0,4,0.0,0.0,0.0,0.0,1.0,0.0,0.0,0.0,0.0
633,32.0,30.5,0,1,0,0,1,6,50,3,1.0,0.0,0.0,0.0,0.0,0.0,0.0,0.0,1.0
634,29.8811376673,0.0,0,1,0,0,0,0,0,5,0.0,0.0,0.0,0.0,1.0,0.0,0.0,0.0,0.0
635,9.0,27.9,2,3,3,1,0,0,0,3,0.0,0.0,0.0,1.0,0.0,0.0,0.0,0.0,0.0
636,28.0,13.0,0,2,0,1,0,0,0,3,0.0,0.0,0.0,1.0,0.0,0.0,0.0,0.0,1.0
637,32.0,7.925,0,3,0,0,0,0,0,4,0.0,0.0,0.0,0.0,1.0,0.0,0.0,0.0,0.0
638,31.0,26.25,1,2,1,0,0,0,0,3,0.0,0.0,0.0,0.0,1.0,0.0,0.0,0.0,0.0
639,41.0,39.6875,5,3,0,1,0,0,0,6,0.0,0.0,0.0,0.0,0.0,1.0,0.0,0.0,0.0
640,29.8811376673,16.1,0,3,1,0,0,0,0,3,0.0,0.0,0.0,0.0,1.0,0.0,0.0,0.0,0.0
641,20.0,7.8542,0,3,0,0,0,0,0,4,0.0,0.0,0.0,0.0,1.0,0.0,0.0,0.0,0.0
642,24.0,69.3,0,1,0,1,1,6,35,3,0.0,0.0,0.0,1.0,0.0,0.0,0.0,0.0,1.0
643,2.0,27.9,2,3,3,1,0,0,0,4,0.0,0.0,0.0,1.0,0.0,0.0,0.0,0.0,0.0
644,29.8811376673,56.4958,0,3,0,0,0,0,0,3,0.0,0.0,0.0,0.0,1.0,0.0,0.0,0.0,1.0
645,0.75,19.2583,1,3,2,1,1,0,0,3,0.0,0.0,0.0,1.0,0.0,0.0,0.0,0.0,1.0
646,48.0,76.7292,0,1,1,0,1,4,33,4,0.0,0.0,0.0,0.0,1.0,0.0,0.0,0.0,1.0
647,19.0,7.8958,0,3,0,0,0,0,0,3,0.0,0.0,0.0,0.0,1.0,0.0,0.0,0.0,0.0
648,56.0,35.5,0,1,0,0,1,5,26,4,0.0,0.0,0.0,0.0,0.0,0.0,0.0,1.0,1.0
649,29.8811376673,7.55,0,3,0,0,0,0,0,3,0.0,0.0,0.0,0.0,1.0,0.0,0.0,0.0,0.0
650,23.0,7.55,0,3,0,1,0,0,0,5,0.0,0.0,0.0,1.0,0.0,0.0,0.0,0.0,1.0
651,29.8811376673,7.8958,0,3,0,0,0,0,0,3,0.0,0.0,0.0,0.0,1.0,0.0,0.0,0.0,0.0
652,18.0,23.0,1,2,0,1,0,0,0,3,0.0,0.0,0.0,1.0,0.0,0.0,0.0,0.0,1.0
653,21.0,8.4333,0,3,0,0,0,0,0,4,0.0,0.0,0.0,0.0,1.0,0.0,0.0,0.0,0.0
654,29.8811376673,7.8292,0,3,0,1,2,0,0,4,0.0,0.0,0.0,1.0,0.0,0.0,0.0,0.0,1.0
655,18.0,6.75,0,3,0,1,2,0,0,4,0.0,0.0,0.0,1.0,0.0,0.0,0.0,0.0,0.0
656,24.0,73.5,0,2,2,0,0,0,0,4,0.0,0.0,0.0,0.0,1.0,0.0,0.0,0.0,0.0
657,29.8811376673,7.8958,0,3,0,0,0,0,0,3,0.0,0.0,0.0,0.0,1.0,0.0,0.0,0.0,0.0
658,32.0,15.5,1,3,1,1,2,0,0,4,0.0,0.0,0.0,0.0,0.0,1.0,0.0,0.0,0.0
659,23.0,13.0,0,2,0,0,0,0,0,4,0.0,0.0,0.0,0.0,1.0,0.0,0.0,0.0,0.0
660,58.0,113.275,2,1,0,0,1,4,48,4,0.0,0.0,0.0,0.0,1.0,0.0,0.0,0.0,0.0
661,50.0,133.65,0,1,2,0,0,0,0,4,1.0,0.0,0.0,0.0,0.0,0.0,0.0,0.0,1.0
662,40.0,7.225,0,3,0,0,1,0,0,3,0.0,0.0,0.0,0.0,1.0,0.0,0.0,0.0,0.0
663,47.0,25.5875,0,1,0,0,0,2,58,4,0.0,0.0,0.0,0.0,1.0,0.0,0.0,0.0,0.0
664,36.0,7.4958,0,3,0,0,0,0,0,3,0.0,0.0,0.0,0.0,1.0,0.0,0.0,0.0,0.0
665,20.0,7.925,0,3,1,0,0,0,0,4,0.0,0.0,0.0,0.0,1.0,0.0,0.0,0.0,1.0
666,32.0,73.5,0,2,2,0,0,0,0,3,0.0,0.0,0.0,0.0,1.0,0.0,0.0,0.0,0.0
667,25.0,13.0,0,2,0,0,0,0,0,4,0.0,0.0,0.0,0.0,1.0,0.0,0.0,0.0,0.0
668,29.8811376673,7.775,0,3,0,0,0,0,0,4,0.0,0.0,0.0,0.0,1.0,0.0,0.0,0.0,0.0
669,43.0,8.05,0,3,0,0,0,0,0,3,0.0,0.0,0.0,0.0,1.0,0.0,0.0,0.0,0.0
670,29.8811376673,52.0,0,1,1,1,0,1,126,7,0.0,0.0,0.0,0.0,0.0,1.0,0.0,0.0,1.0
671,40.0,39.0,1,2,1,1,0,0,0,8,0.0,0.0,0.0,0.0,0.0,1.0,0.0,0.0,1.0
672,31.0,52.0,0,1,1,0,0,6,71,3,0.0,0.0,0.0,0.0,1.0,0.0,0.0,0.0,0.0
673,70.0,10.5,0,2,0,0,0,0,0,4,0.0,0.0,0.0,0.0,1.0,0.0,0.0,0.0,0.0
674,31.0,13.0,0,2,0,0,0,0,0,3,0.0,0.0,0.0,0.0,1.0,0.0,0.0,0.0,1.0
675,29.8811376673,0.0,0,2,0,0,0,0,0,4,0.0,0.0,0.0,0.0,1.0,0.0,0.0,0.0,0.0
676,18.0,7.775,0,3,0,0,0,0,0,4,0.0,0.0,0.0,0.0,1.0,0.0,0.0,0.0,0.0
677,24.5,8.05,0,3,0,0,0,0,0,4,0.0,0.0,0.0,0.0,1.0,0.0,0.0,0.0,0.0
678,18.0,9.8417,0,3,0,1,0,0,0,4,0.0,0.0,0.0,1.0,0.0,0.0,0.0,0.0,1.0
679,43.0,46.9,6,3,1,1,0,0,0,5,0.0,0.0,0.0,0.0,0.0,1.0,0.0,0.0,0.0
680,36.0,512.3292,1,1,0,0,1,6,51,5,0.0,0.0,0.0,0.0,1.0,0.0,0.0,0.0,1.0
681,29.8811376673,8.1375,0,3,0,1,2,0,0,3,0.0,0.0,0.0,1.0,0.0,0.0,0.0,0.0,0.0
682,27.0,76.7292,0,1,0,0,1,4,49,3,0.0,0.0,0.0,0.0,1.0,0.0,0.0,0.0,1.0
683,20.0,9.225,0,3,0,0,0,0,0,4,0.0,0.0,0.0,0.0,1.0,0.0,0.0,0.0,0.0
684,14.0,46.9,2,3,5,0,0,0,0,4,0.0,0.0,0.0,0.0,1.0,0.0,0.0,0.0,0.0
685,60.0,39.0,1,2,1,0,0,0,0,5,0.0,0.0,0.0,0.0,1.0,0.0,0.0,0.0,0.0
686,25.0,41.5792,2,2,1,0,1,0,0,5,0.0,0.0,0.0,0.0,1.0,0.0,0.0,0.0,0.0
687,14.0,39.6875,1,3,4,0,0,0,0,4,0.0,0.0,0.0,0.0,1.0,0.0,0.0,0.0,0.0
688,19.0,10.1708,0,3,0,0,0,0,0,3,0.0,0.0,0.0,0.0,1.0,0.0,0.0,0.0,0.0
689,18.0,7.7958,0,3,0,0,0,0,0,4,0.0,0.0,0.0,0.0,1.0,0.0,0.0,0.0,0.0
690,15.0,211.3375,1,1,0,1,0,6,5,4,0.0,0.0,0.0,1.0,0.0,0.0,0.0,0.0,1.0
691,31.0,57.0,0,1,1,0,0,6,20,4,0.0,0.0,0.0,0.0,1.0,0.0,0.0,0.0,1.0
692,4.0,13.4167,1,3,0,1,1,0,0,3,0.0,0.0,0.0,1.0,0.0,0.0,0.0,0.0,1.0
693,29.8811376673,56.4958,0,3,0,0,0,0,0,3,0.0,0.0,0.0,0.0,1.0,0.0,0.0,0.0,1.0
694,25.0,7.225,0,3,0,0,1,0,0,3,0.0,0.0,0.0,0.0,1.0,0.0,0.0,0.0,0.0
695,60.0,26.55,0,1,0,0,0,0,0,3,0.0,0.0,0.0,0.0,0.0,0.0,0.0,1.0,0.0
696,52.0,13.5,0,2,0,0,0,0,0,4,0.0,0.0,0.0,0.0,1.0,0.0,0.0,0.0,0.0
697,44.0,8.05,0,3,0,0,0,0,0,3,0.0,0.0,0.0,0.0,1.0,0.0,0.0,0.0,0.0
698,29.8811376673,7.7333,0,3,0,1,2,0,0,4,0.0,0.0,0.0,1.0,0.0,0.0,0.0,0.0,1.0
699,49.0,110.8833,1,1,1,0,1,1,68,4,0.0,0.0,0.0,0.0,1.0,0.0,0.0,0.0,0.0
700,42.0,7.65,0,3,0,0,0,7,63,6,0.0,0.0,0.0,0.0,1.0,0.0,0.0,0.0,0.0
701,18.0,227.525,0,1,1,1,1,1,62,7,0.0,0.0,0.0,0.0,0.0,1.0,0.0,0.0,1.0
702,35.0,26.2875,0,1,0,0,0,2,24,4,0.0,0.0,0.0,0.0,1.0,0.0,0.0,0.0,1.0
703,18.0,14.4542,1,3,0,1,1,0,0,3,0.0,0.0,0.0,1.0,0.0,0.0,0.0,0.0,0.0
704,25.0,7.7417,0,3,0,0,2,0,0,3,0.0,0.0,0.0,0.0,1.0,0.0,0.0,0.0,0.0
705,26.0,7.8542,0,3,1,0,0,0,0,4,0.0,0.0,0.0,0.0,1.0,0.0,0.0,0.0,0.0
706,39.0,26.0,0,2,0,0,0,0,0,7,0.0,0.0,0.0,0.0,1.0,0.0,0.0,0.0,0.0
707,45.0,13.5,0,2,0,1,0,0,0,4,0.0,0.0,0.0,0.0,0.0,1.0,0.0,0.0,1.0
708,42.0,26.2875,0,1,0,0,0,2,24,4,0.0,0.0,0.0,0.0,1.0,0.0,0.0,0.0,1.0
709,22.0,151.55,0,1,0,1,0,0,0,3,0.0,0.0,0.0,1.0,0.0,0.0,0.0,0.0,1.0
710,29.8811376673,15.2458,1,3,1,0,1,0,0,6,0.0,0.0,1.0,0.0,0.0,0.0,0.0,0.0,1.0
711,24.0,49.5042,0,1,0,1,1,1,90,7,0.0,0.0,0.0,1.0,0.0,0.0,0.0,0.0,1.0
712,29.8811376673,26.55,0,1,0,0,0,1,124,3,0.0,0.0,0.0,0.0,1.0,0.0,0.0,0.0,0.0
713,48.0,52.0,0,1,1,0,0,1,126,4,0.0,0.0,0.0,0.0,1.0,0.0,0.0,0.0,1.0
714,29.0,9.4833,0,3,0,0,0,0,0,4,0.0,0.0,0.0,0.0,1.0,0.0,0.0,0.0,0.0
715,52.0,13.0,0,2,0,0,0,0,0,3,0.0,0.0,0.0,0.0,1.0,0.0,0.0,0.0,0.0
716,19.0,7.65,0,3,0,0,0,7,73,6,0.0,0.0,0.0,0.0,1.0,0.0,0.0,0.0,0.0
717,38.0,227.525,0,1,0,1,1,1,45,4,0.0,0.0,0.0,1.0,0.0,0.0,0.0,0.0,1.0
718,27.0,10.5,0,2,0,1,0,2,101,5,0.0,0.0,0.0,1.0,0.0,0.0,0.0,0.0,1.0
719,29.8811376673,15.5,0,3,0,0,2,0,0,3,0.0,0.0,0.0,0.0,1.0,0.0,0.0,0.0,0.0
720,33.0,7.775,0,3,0,0,0,0,0,4,0.0,0.0,0.0,0.0,1.0,0.0,0.0,0.0,0.0
721,6.0,33.0,1,2,0,1,0,0,0,5,0.0,0.0,0.0,1.0,0.0,0.0,0.0,0.0,1.0
722,17.0,7.0542,0,3,1,0,0,0,0,4,0.0,0.0,0.0,0.0,1.0,0.0,0.0,0.0,0.0
723,34.0,13.0,0,2,0,0,0,0,0,4,0.0,0.0,0.0,0.0,1.0,0.0,0.0,0.0,0.0
724,50.0,13.0,0,2,0,0,0,0,0,4,0.0,0.0,0.0,0.0,1.0,0.0,0.0,0.0,0.0
725,27.0,53.1,0,1,1,0,0,2,8,4,0.0,0.0,0.0,0.0,1.0,0.0,0.0,0.0,1.0
726,20.0,8.6625,0,3,0,0,0,0,0,3,0.0,0.0,0.0,0.0,1.0,0.0,0.0,0.0,0.0
727,30.0,21.0,0,2,3,1,0,0,0,6,0.0,0.0,0.0,0.0,0.0,1.0,0.0,0.0,1.0
728,29.8811376673,7.7375,0,3,0,1,2,0,0,3,0.0,0.0,0.0,1.0,0.0,0.0,0.0,0.0,1.0
729,25.0,26.0,0,2,1,0,0,0,0,5,0.0,0.0,0.0,0.0,1.0,0.0,0.0,0.0,0.0
730,25.0,7.925,0,3,1,1,0,0,0,4,0.0,0.0,0.0,1.0,0.0,0.0,0.0,0.0,0.0
731,29.0,211.3375,0,1,0,1,0,6,5,4,0.0,0.0,0.0,1.0,0.0,0.0,0.0,0.0,1.0
732,11.0,18.7875,0,3,0,0,1,0,0,5,0.0,0.0,0.0,0.0,1.0,0.0,0.0,0.0,0.0
733,29.8811376673,0.0,0,2,0,0,0,0,0,4,0.0,0.0,0.0,0.0,1.0,0.0,0.0,0.0,0.0
734,23.0,13.0,0,2,0,0,0,0,0,4,0.0,0.0,0.0,0.0,1.0,0.0,0.0,0.0,0.0
735,23.0,13.0,0,2,0,0,0,0,0,4,0.0,0.0,0.0,0.0,1.0,0.0,0.0,0.0,0.0
736,28.5,16.1,0,3,0,0,0,0,0,3,0.0,0.0,0.0,0.0,1.0,0.0,0.0,0.0,0.0
737,48.0,34.375,3,3,1,1,0,0,0,6,0.0,0.0,0.0,0.0,0.0,1.0,0.0,0.0,0.0
738,35.0,512.3292,0,1,0,0,1,6,101,4,0.0,0.0,0.0,0.0,1.0,0.0,0.0,0.0,1.0
739,29.8811376673,7.8958,0,3,0,0,0,0,0,3,0.0,0.0,0.0,0.0,1.0,0.0,0.0,0.0,0.0
740,29.8811376673,7.8958,0,3,0,0,0,0,0,3,0.0,0.0,0.0,0.0,1.0,0.0,0.0,0.0,0.0
741,29.8811376673,30.0,0,1,0,0,0,4,45,4,0.0,0.0,0.0,0.0,1.0,0.0,0.0,0.0,1.0
742,36.0,78.85,0,1,1,0,0,1,46,4,0.0,0.0,0.0,0.0,1.0,0.0,0.0,0.0,0.0
743,21.0,262.375,2,1,2,1,1,6,57,5,0.0,0.0,0.0,1.0,0.0,0.0,0.0,0.0,1.0
744,24.0,16.1,0,3,1,0,0,0,0,3,0.0,0.0,0.0,0.0,1.0,0.0,0.0,0.0,0.0
745,31.0,7.925,0,3,0,0,0,0,0,3,0.0,0.0,0.0,0.0,1.0,0.0,0.0,0.0,1.0
746,70.0,71.0,1,1,1,0,0,6,22,4,0.0,0.0,0.0,0.0,0.0,0.0,0.0,1.0,0.0
747,16.0,20.25,1,3,1,0,0,0,0,4,0.0,0.0,0.0,0.0,1.0,0.0,0.0,0.0,0.0
748,30.0,13.0,0,2,0,1,0,0,0,3,0.0,0.0,0.0,1.0,0.0,0.0,0.0,0.0,1.0
749,19.0,53.1,0,1,1,0,0,4,30,4,0.0,0.0,0.0,0.0,1.0,0.0,0.0,0.0,0.0
750,31.0,7.75,0,3,0,0,2,0,0,3,0.0,0.0,0.0,0.0,1.0,0.0,0.0,0.0,0.0
751,4.0,23.0,1,2,1,1,0,0,0,3,0.0,0.0,0.0,1.0,0.0,0.0,0.0,0.0,1.0
752,6.0,12.475,1,3,0,0,0,2,121,3,0.0,0.0,1.0,0.0,0.0,0.0,0.0,0.0,1.0
753,33.0,9.5,0,3,0,0,0,0,0,5,0.0,0.0,0.0,0.0,1.0,0.0,0.0,0.0,0.0
754,23.0,7.8958,0,3,0,0,0,0,0,3,0.0,0.0,0.0,0.0,1.0,0.0,0.0,0.0,0.0
755,48.0,65.0,2,2,1,1,0,0,0,5,0.0,0.0,0.0,0.0,0.0,1.0,0.0,0.0,1.0
756,0.67,14.5,1,2,1,0,0,0,0,3,0.0,0.0,1.0,0.0,0.0,0.0,0.0,0.0,1.0
757,28.0,7.7958,0,3,0,0,0,0,0,4,0.0,0.0,0.0,0.0,1.0,0.0,0.0,0.0,0.0
758,18.0,11.5,0,2,0,0,0,0,0,4,0.0,0.0,0.0,0.0,1.0,0.0,0.0,0.0,0.0
759,34.0,8.05,0,3,0,0,0,0,0,4,0.0,0.0,0.0,0.0,1.0,0.0,0.0,0.0,0.0
760,33.0,86.5,0,1,0,1,0,6,77,8,0.0,1.0,0.0,0.0,0.0,0.0,0.0,0.0,1.0
761,29.8811376673,14.5,0,3,0,0,0,0,0,3,0.0,0.0,0.0,0.0,1.0,0.0,0.0,0.0,0.0
762,41.0,7.125,0,3,0,0,0,0,0,5,0.0,0.0,0.0,0.0,1.0,0.0,0.0,0.0,0.0
763,20.0,7.2292,0,3,0,0,1,0,0,4,0.0,0.0,0.0,0.0,1.0,0.0,0.0,0.0,1.0
764,36.0,120.0,2,1,1,1,0,6,96,6,0.0,0.0,0.0,0.0,0.0,1.0,0.0,0.0,1.0
765,16.0,7.775,0,3,0,0,0,0,0,4,0.0,0.0,0.0,0.0,1.0,0.0,0.0,0.0,0.0
766,51.0,77.9583,0,1,1,1,0,4,11,6,0.0,0.0,0.0,0.0,0.0,1.0,0.0,0.0,1.0
767,29.8811376673,39.6,0,1,0,0,1,0,0,4,1.0,0.0,0.0,0.0,0.0,0.0,0.0,0.0,0.0
768,30.5,7.75,0,3,0,1,2,0,0,3,0.0,0.0,0.0,1.0,0.0,0.0,0.0,0.0,0.0
769,29.8811376673,24.15,0,3,1,0,2,0,0,4,0.0,0.0,0.0,0.0,1.0,0.0,0.0,0.0,0.0
770,32.0,8.3625,0,3,0,0,0,0,0,4,0.0,0.0,0.0,0.0,1.0,0.0,0.0,0.0,0.0
771,24.0,9.5,0,3,0,0,0,0,0,4,0.0,0.0,0.0,0.0,1.0,0.0,0.0,0.0,0.0
772,48.0,7.8542,0,3,0,0,0,0,0,4,0.0,0.0,0.0,0.0,1.0,0.0,0.0,0.0,0.0
773,57.0,10.5,0,2,0,1,0,2,77,3,0.0,0.0,0.0,0.0,0.0,1.0,0.0,0.0,0.0
774,29.8811376673,7.225,0,3,0,0,1,0,0,3,0.0,0.0,0.0,0.0,1.0,0.0,0.0,0.0,0.0
775,54.0,23.0,3,2,1,1,0,0,0,5,0.0,0.0,0.0,0.0,0.0,1.0,0.0,0.0,1.0
776,18.0,7.75,0,3,0,0,0,0,0,6,0.0,0.0,0.0,0.0,1.0,0.0,0.0,0.0,0.0
777,29.8811376673,7.75,0,3,0,0,2,7,38,3,0.0,0.0,0.0,0.0,1.0,0.0,0.0,0.0,0.0
778,5.0,12.475,0,3,0,1,0,0,0,4,0.0,0.0,0.0,1.0,0.0,0.0,0.0,0.0,1.0
779,29.8811376673,7.7375,0,3,0,0,2,0,0,4,0.0,0.0,0.0,0.0,1.0,0.0,0.0,0.0,0.0
780,43.0,211.3375,1,1,0,1,0,6,3,7,0.0,0.0,0.0,0.0,0.0,1.0,0.0,0.0,1.0
781,13.0,7.2292,0,3,0,1,1,0,0,3,0.0,0.0,0.0,1.0,0.0,0.0,0.0,0.0,1.0
782,17.0,57.0,0,1,1,1,0,6,20,6,0.0,0.0,0.0,0.0,0.0,1.0,0.0,0.0,1.0
783,29.0,30.0,0,1,0,0,0,4,6,4,0.0,0.0,0.0,0.0,1.0,0.0,0.0,0.0,0.0
784,29.8811376673,23.45,2,3,1,0,0,0,0,4,0.0,0.0,0.0,0.0,1.0,0.0,0.0,0.0,0.0
785,25.0,7.05,0,3,0,0,0,0,0,3,0.0,0.0,0.0,0.0,1.0,0.0,0.0,0.0,0.0
786,25.0,7.25,0,3,0,0,0,0,0,5,0.0,0.0,0.0,0.0,1.0,0.0,0.0,0.0,0.0
787,18.0,7.4958,0,3,0,1,0,0,0,4,0.0,0.0,0.0,1.0,0.0,0.0,0.0,0.0,1.0
788,8.0,29.125,1,3,4,0,2,0,0,4,0.0,0.0,1.0,0.0,0.0,0.0,0.0,0.0,0.0
789,1.0,20.575,2,3,1,0,0,0,0,4,0.0,0.0,1.0,0.0,0.0,0.0,0.0,0.0,1.0
790,46.0,79.2,0,1,0,0,1,6,82,3,0.0,0.0,0.0,0.0,1.0,0.0,0.0,0.0,0.0
791,29.8811376673,7.75,0,3,0,0,2,0,0,4,0.0,0.0,0.0,0.0,1.0,0.0,0.0,0.0,0.0
792,16.0,26.0,0,2,0,0,0,0,0,3,0.0,0.0,0.0,0.0,1.0,0.0,0.0,0.0,0.0
793,29.8811376673,69.55,2,3,8,1,0,0,0,4,0.0,0.0,0.0,1.0,0.0,0.0,0.0,0.0,0.0
794,29.8811376673,30.6958,0,1,0,0,1,0,0,4,0.0,0.0,0.0,0.0,1.0,0.0,0.0,0.0,0.0
795,25.0,7.8958,0,3,0,0,0,0,0,3,0.0,0.0,0.0,0.0,1.0,0.0,0.0,0.0,0.0
796,39.0,13.0,0,2,0,0,0,0,0,3,0.0,0.0,0.0,0.0,1.0,0.0,0.0,0.0,0.0
797,49.0,25.9292,0,1,0,1,0,4,17,4,1.0,0.0,0.0,0.0,0.0,0.0,0.0,0.0,1.0
798,31.0,8.6833,0,3,0,1,0,0,0,3,0.0,0.0,0.0,0.0,0.0,1.0,0.0,0.0,1.0
799,30.0,7.2292,0,3,0,0,1,0,0,4,0.0,0.0,0.0,0.0,1.0,0.0,0.0,0.0,0.0
800,30.0,24.15,1,3,1,1,0,0,0,8,0.0,0.0,0.0,0.0,0.0,1.0,0.0,0.0,0.0
801,34.0,13.0,0,2,0,0,0,0,0,3,0.0,0.0,0.0,0.0,1.0,0.0,0.0,0.0,0.0
802,31.0,26.25,1,2,1,1,0,0,0,6,0.0,0.0,0.0,0.0,0.0,1.0,0.0,0.0,1.0
803,11.0,120.0,2,1,1,0,0,6,96,5,0.0,0.0,1.0,0.0,0.0,0.0,0.0,0.0,1.0
804,0.42,8.5167,1,3,0,0,1,0,0,4,0.0,0.0,1.0,0.0,0.0,0.0,0.0,0.0,1.0
805,27.0,6.975,0,3,0,0,0,0,0,4,0.0,0.0,0.0,0.0,1.0,0.0,0.0,0.0,1.0
806,31.0,7.775,0,3,0,0,0,0,0,4,0.0,0.0,0.0,0.0,1.0,0.0,0.0,0.0,0.0
807,39.0,0.0,0,1,0,0,0,5,36,4,0.0,0.0,0.0,0.0,1.0,0.0,0.0,0.0,0.0
808,18.0,7.775,0,3,0,1,0,0,0,4,0.0,0.0,0.0,1.0,0.0,0.0,0.0,0.0,0.0
809,39.0,13.0,0,2,0,0,0,0,0,3,0.0,0.0,0.0,0.0,1.0,0.0,0.0,0.0,0.0
810,33.0,53.1,0,1,1,1,0,2,8,6,0.0,0.0,0.0,0.0,0.0,1.0,0.0,0.0,1.0
811,26.0,7.8875,0,3,0,0,0,0,0,3,0.0,0.0,0.0,0.0,1.0,0.0,0.0,0.0,0.0
812,39.0,24.15,0,3,0,0,0,0,0,3,0.0,0.0,0.0,0.0,1.0,0.0,0.0,0.0,0.0
813,35.0,10.5,0,2,0,0,0,0,0,4,0.0,0.0,0.0,0.0,1.0,0.0,0.0,0.0,0.0
814,6.0,31.275,2,3,4,1,0,0,0,5,0.0,0.0,0.0,1.0,0.0,0.0,0.0,0.0,0.0
815,30.5,8.05,0,3,0,0,0,0,0,4,0.0,0.0,0.0,0.0,1.0,0.0,0.0,0.0,0.0
816,29.8811376673,0.0,0,1,0,0,0,6,102,3,0.0,0.0,0.0,0.0,1.0,0.0,0.0,0.0,0.0
817,23.0,7.925,0,3,0,1,0,0,0,4,0.0,0.0,0.0,1.0,0.0,0.0,0.0,0.0,0.0
818,31.0,37.0042,1,2,1,0,1,0,0,3,0.0,0.0,0.0,0.0,1.0,0.0,0.0,0.0,0.0
819,43.0,6.45,0,3,0,0,0,0,0,5,0.0,0.0,0.0,0.0,1.0,0.0,0.0,0.0,0.0
820,10.0,27.9,2,3,3,0,0,0,0,4,0.0,0.0,1.0,0.0,0.0,0.0,0.0,0.0,0.0
821,52.0,93.5,1,1,1,1,0,6,69,7,0.0,0.0,0.0,0.0,0.0,1.0,0.0,0.0,1.0
822,27.0,8.6625,0,3,0,0,0,0,0,3,0.0,0.0,0.0,0.0,1.0,0.0,0.0,0.0,1.0
823,38.0,0.0,0,1,0,0,0,0,0,4,0.0,0.0,1.0,0.0,0.0,0.0,0.0,0.0,0.0
824,27.0,12.475,1,3,0,1,0,2,121,3,0.0,0.0,0.0,0.0,0.0,1.0,0.0,0.0,1.0
825,2.0,39.6875,1,3,4,0,0,0,0,4,0.0,0.0,1.0,0.0,0.0,0.0,0.0,0.0,0.0
826,29.8811376673,6.95,0,3,0,0,2,0,0,3,0.0,0.0,0.0,0.0,1.0,0.0,0.0,0.0,0.0
827,29.8811376673,56.4958,0,3,0,0,0,0,0,3,0.0,0.0,0.0,0.0,1.0,0.0,0.0,0.0,0.0
828,1.0,37.0042,2,2,0,0,1,0,0,3,0.0,0.0,1.0,0.0,0.0,0.0,0.0,0.0,1.0
829,29.8811376673,7.75,0,3,0,0,2,0,0,4,0.0,0.0,0.0,0.0,1.0,0.0,0.0,0.0,1.0
830,62.0,80.0,0,1,0,1,0,6,28,6,0.0,0.0,0.0,0.0,0.0,1.0,0.0,0.0,1.0
831,15.0,14.4542,0,3,1,1,1,0,0,5,0.0,0.0,0.0,0.0,0.0,1.0,0.0,0.0,1.0
832,0.83,18.75,1,2,1,0,0,0,0,4,0.0,0.0,1.0,0.0,0.0,0.0,0.0,0.0,1.0
833,29.8811376673,7.2292,0,3,0,0,1,0,0,3,0.0,0.0,0.0,0.0,1.0,0.0,0.0,0.0,0.0
834,23.0,7.8542,0,3,0,0,0,0,0,3,0.0,0.0,0.0,0.0,1.0,0.0,0.0,0.0,0.0
835,18.0,8.3,0,3,0,0,0,0,0,4,0.0,0.0,0.0,0.0,1.0,0.0,0.0,0.0,0.0
836,39.0,83.1583,1,1,1,1,1,2,49,4,0.0,0.0,0.0,1.0,0.0,0.0,0.0,0.0,1.0
837,21.0,8.6625,0,3,0,0,0,0,0,3,0.0,0.0,0.0,0.0,1.0,0.0,0.0,0.0,0.0
838,29.8811376673,8.05,0,3,0,0,0,0,0,3,0.0,0.0,0.0,0.0,1.0,0.0,0.0,0.0,0.0
839,32.0,56.4958,0,3,0,0,0,0,0,3,0.0,0.0,0.0,0.0,1.0,0.0,0.0,0.0,1.0
840,29.8811376673,29.7,0,1,0,0,1,1,47,3,0.0,0.0,0.0,0.0,1.0,0.0,0.0,0.0,1.0
841,20.0,7.925,0,3,0,0,0,0,0,4,0.0,0.0,0.0,0.0,1.0,0.0,0.0,0.0,0.0
842,16.0,10.5,0,2,0,0,0,0,0,4,0.0,0.0,0.0,0.0,1.0,0.0,0.0,0.0,0.0
843,30.0,31.0,0,1,0,1,1,0,0,3,0.0,0.0,0.0,1.0,0.0,0.0,0.0,0.0,1.0
844,34.5,6.4375,0,3,0,0,1,0,0,4,0.0,0.0,0.0,0.0,1.0,0.0,0.0,0.0,0.0
845,17.0,8.6625,0,3,0,0,0,0,0,3,0.0,0.0,0.0,0.0,1.0,0.0,0.0,0.0,0.0
846,42.0,7.55,0,3,0,0,0,0,0,3,0.0,0.0,0.0,0.0,1.0,0.0,0.0,0.0,0.0
847,29.8811376673,69.55,2,3,8,0,0,0,0,4,0.0,0.0,0.0,0.0,1.0,0.0,0.0,0.0,0.0
848,35.0,7.8958,0,3,0,0,1,0,0,3,0.0,0.0,0.0,0.0,1.0,0.0,0.0,0.0,0.0
849,28.0,33.0,1,2,0,0,0,0,0,3,0.0,0.0,0.0,0.0,0.0,0.0,1.0,0.0,0.0
850,29.8811376673,89.1042,0,1,1,1,1,1,92,6,0.0,0.0,0.0,0.0,0.0,1.0,0.0,0.0,1.0
851,4.0,31.275,2,3,4,0,0,0,0,5,0.0,0.0,1.0,0.0,0.0,0.0,0.0,0.0,0.0
852,74.0,7.775,0,3,0,0,0,0,0,3,0.0,0.0,0.0,0.0,1.0,0.0,0.0,0.0,0.0
853,9.0,15.2458,1,3,1,1,1,0,0,3,0.0,0.0,0.0,1.0,0.0,0.0,0.0,0.0,0.0
854,16.0,39.4,1,1,0,1,0,4,28,4,0.0,0.0,0.0,1.0,0.0,0.0,0.0,0.0,1.0
855,44.0,26.0,0,2,1,1,0,0,0,6,0.0,0.0,0.0,0.0,0.0,1.0,0.0,0.0,0.0
856,18.0,9.35,1,3,0,1,0,0,0,5,0.0,0.0,0.0,0.0,0.0,1.0,0.0,0.0,1.0
857,45.0,164.8667,1,1,1,1,0,0,0,6,0.0,0.0,0.0,0.0,0.0,1.0,0.0,0.0,1.0
858,51.0,26.55,0,1,0,0,0,2,17,5,0.0,0.0,0.0,0.0,1.0,0.0,0.0,0.0,1.0
859,24.0,19.2583,3,3,0,1,1,0,0,5,0.0,0.0,0.0,0.0,0.0,1.0,0.0,0.0,1.0
860,29.8811376673,7.2292,0,3,0,0,1,0,0,3,0.0,0.0,0.0,0.0,1.0,0.0,0.0,0.0,0.0
861,41.0,14.1083,0,3,2,0,0,0,0,4,0.0,0.0,0.0,0.0,1.0,0.0,0.0,0.0,0.0
862,21.0,11.5,0,2,1,0,0,0,0,4,0.0,0.0,0.0,0.0,1.0,0.0,0.0,0.0,0.0
863,48.0,25.9292,0,1,0,1,0,4,17,7,0.0,0.0,0.0,0.0,0.0,1.0,0.0,0.0,1.0
864,29.8811376673,69.55,2,3,8,1,0,0,0,5,0.0,0.0,0.0,1.0,0.0,0.0,0.0,0.0,0.0
865,24.0,13.0,0,2,0,0,0,0,0,4,0.0,0.0,0.0,0.0,1.0,0.0,0.0,0.0,0.0
866,42.0,13.0,0,2,0,1,0,0,0,3,0.0,0.0,0.0,0.0,0.0,1.0,0.0,0.0,1.0
867,27.0,13.8583,0,2,1,1,1,0,0,5,0.0,0.0,0.0,1.0,0.0,0.0,0.0,0.0,1.0
868,31.0,50.4958,0,1,0,0,0,5,24,5,0.0,0.0,0.0,0.0,1.0,0.0,0.0,0.0,0.0
869,29.8811376673,9.5,0,3,0,0,0,0,0,4,0.0,0.0,0.0,0.0,1.0,0.0,0.0,0.0,0.0
870,4.0,11.1333,1,3,1,0,0,0,0,4,0.0,0.0,1.0,0.0,0.0,0.0,0.0,0.0,1.0
871,26.0,7.8958,0,3,0,0,0,0,0,3,0.0,0.0,0.0,0.0,1.0,0.0,0.0,0.0,0.0
872,47.0,52.5542,1,1,1,1,0,4,35,6,0.0,0.0,0.0,0.0,0.0,1.0,0.0,0.0,1.0
873,33.0,5.0,0,1,0,0,0,6,51,4,0.0,0.0,0.0,0.0,1.0,0.0,0.0,0.0,0.0
874,47.0,9.0,0,3,0,0,0,0,0,4,0.0,0.0,0.0,0.0,1.0,0.0,0.0,0.0,0.0
875,28.0,24.0,0,2,1,1,1,0,0,5,0.0,0.0,0.0,0.0,0.0,1.0,0.0,0.0,1.0
876,15.0,7.225,0,3,0,1,1,0,0,5,0.0,0.0,0.0,1.0,0.0,0.0,0.0,0.0,1.0
877,20.0,9.8458,0,3,0,0,0,0,0,4,0.0,0.0,0.0,0.0,1.0,0.0,0.0,0.0,0.0
878,19.0,7.8958,0,3,0,0,0,0,0,3,0.0,0.0,0.0,0.0,1.0,0.0,0.0,0.0,0.0
879,29.8811376673,7.8958,0,3,0,0,0,0,0,3,0.0,0.0,0.0,0.0,1.0,0.0,0.0,0.0,0.0
880,56.0,83.1583,1,1,0,1,1,1,50,7,0.0,0.0,0.0,0.0,0.0,1.0,0.0,0.0,1.0
881,25.0,26.0,1,2,0,1,0,0,0,6,0.0,0.0,0.0,0.0,0.0,1.0,0.0,0.0,1.0
882,33.0,7.8958,0,3,0,0,0,0,0,3,0.0,0.0,0.0,0.0,1.0,0.0,0.0,0.0,0.0
883,22.0,10.5167,0,3,0,1,0,0,0,4,0.0,0.0,0.0,1.0,0.0,0.0,0.0,0.0,0.0
884,28.0,10.5,0,2,0,0,0,0,0,4,0.0,0.0,0.0,0.0,1.0,0.0,0.0,0.0,0.0
885,25.0,7.05,0,3,0,0,0,0,0,4,0.0,0.0,0.0,0.0,1.0,0.0,0.0,0.0,0.0
886,39.0,29.125,5,3,0,1,2,0,0,5,0.0,0.0,0.0,0.0,0.0,1.0,0.0,0.0,0.0
887,27.0,13.0,0,2,0,0,0,0,0,3,0.0,0.0,0.0,0.0,0.0,0.0,1.0,0.0,0.0
888,19.0,30.0,0,1,0,1,0,6,42,4,0.0,0.0,0.0,1.0,0.0,0.0,0.0,0.0,1.0
889,29.8811376673,23.45,2,3,1,1,0,0,0,5,0.0,0.0,0.0,1.0,0.0,0.0,0.0,0.0,0.0
890,26.0,30.0,0,1,0,0,1,1,148,4,0.0,0.0,0.0,0.0,1.0,0.0,0.0,0.0,1.0
891,32.0,7.75,0,3,0,0,2,0,0,3,0.0,0.0,0.0,0.0,1.0,0.0,0.0,0.0,0.0
